movieName,genre,releaseYear,duration,rating,actorFirstName,actorSurName,actor_id,director_id
Placeat consectetur.,Sci-Fi,2012,153,4.2,Benedict,Cumberbatch,8,97
Aliquam in quaerat atque.,Romance,2023,70,4.0,Timothée,Chalamet,18,77
Eligendi.,Comedy,2012,76,2.4,Morgan,Freeman,5,4
Consequatur amet saepe.,Action,1993,99,4.7,Javier,Bardem,20,97
Reiciendis odit.,Comedy,1996,138,3.9,Al,Pacino,4,72
Nostrum dolores ducimus.,Horror,1999,90,2.7,Emma,Watson,7,53
Libero dicta architecto.,Romance,1991,138,4.0,Emma,Watson,7,75
Cumque totam.,Action,2024,113,3.1,Cate,Blanchett,17,20
Quisquam dolorum.,Sci-Fi,2000,89,1.4,Gary,Oldman,9,1
Voluptate atque animi.,Drama,1990,117,3.6,Saoirse,Ronan,11,19
Mollitia quod.,Thriller,2014,127,4.8,Al,Pacino,4,81
Repudiandae omnis esse.,Comedy,2024,159,3.8,Evanna,Lynch,12,5
Cum quam vel.,Drama,2007,65,2.1,Christian,Bale,6,70
Quisquam qui ad.,Horror,2018,127,3.7,Timothée,Chalamet,18,57
Dignissimos enim perspiciatis.,Action,1992,174,4.6,Benedict,Cumberbatch,8,3
Reprehenderit perferendis.,Drama,1994,81,1.7,Tilda,Swinton,10,63
Tenetur voluptatem excepturi.,Horror,2002,76,4.0,Saoirse,Ronan,11,31
Error.,Comedy,2022,118,1.4,Benedict,Cumberbatch,8,9
Atque necessitatibus quas.,Thriller,1999,149,1.4,Jack,Nicholson,3,45
Tempore alias.,Comedy,2007,100,3.4,Brendan,Gleeson,13,62
Perspiciatis iusto.,Sci-Fi,1997,166,4.0,Timothée,Chalamet,18,19
Modi.,Drama,2003,135,1.2,Javier,Bardem,20,56
Corporis.,Horror,2017,99,4.5,Denzel,Washington,2,7
Accusamus tenetur.,Thriller,2018,152,1.2,Cate,Blanchett,17,58
Commodi voluptatum voluptas.,Sci-Fi,2010,178,2.3,Saoirse,Ronan,11,73
Vel suscipit labore.,Horror,2011,168,4.5,Meryl,Streep,1,45
Iusto totam.,Action,2013,140,2.8,Ryan,Gosling,15,86
Laboriosam ipsam nostrum.,Thriller,1999,122,4.4,Margot,Robbie,16,76
Ab ducimus vitae.,Action,2009,104,4.9,Ryan,Gosling,15,52
Alias quam.,Sci-Fi,2013,88,4.4,Javier,Bardem,20,25
Molestiae esse porro.,Thriller,2026,154,3.9,Christian,Bale,6,89
Quam unde.,Thriller,1999,93,3.0,Ryan,Gosling,15,57
Ullam minima quos.,Drama,2012,140,4.8,Evanna,Lynch,12,7
Sed et.,Comedy,2020,99,3.5,Ryan,Gosling,15,90
Deserunt animi assumenda.,Sci-Fi,2017,92,5.0,Meryl,Streep,1,23
Inventore sunt quibusdam.,Sci-Fi,2015,116,1.9,Cate,Blanchett,17,93
Nisi beatae laboriosam.,Comedy,1996,141,2.6,Gary,Oldman,9,55
Ut commodi.,Sci-Fi,2018,84,2.2,Saoirse,Ronan,11,5
Totam modi.,Action,2005,138,1.3,Brendan,Gleeson,13,14
Vero possimus.,Comedy,1991,129,4.8,Cate,Blanchett,17,5
Suscipit officia beatae.,Thriller,2012,83,3.4,Brendan,Gleeson,13,69
Optio sequi ipsa.,Thriller,2016,147,1.7,Tilda,Swinton,10,67
Velit rem eaque praesentium.,Comedy,2013,104,3.4,Christian,Bale,6,25
Id.,Comedy,1992,69,1.1,Benedict,Cumberbatch,8,12
Nemo perferendis optio.,Horror,1995,106,4.3,Morgan,Freeman,5,67
Eveniet sint non.,Action,1991,141,2.5,Ryan,Gosling,15,97
Perspiciatis maiores impedit.,Sci-Fi,2014,177,1.8,Marion,Cotillard,19,5
Iste nobis.,Romance,2009,167,2.5,Benedict,Cumberbatch,8,2
Deserunt dolorem deserunt.,Comedy,2022,167,4.2,Saoirse,Ronan,11,14
Sint voluptate.,Romance,1991,116,4.6,Al,Pacino,4,13
Sint veniam culpa.,Action,2004,92,4.6,Saoirse,Ronan,11,79
Occaecati quo officiis.,Romance,2012,171,3.0,Emma,Watson,7,86
Doloremque vel.,Horror,2014,138,3.4,Al,Pacino,4,7
Aliquam eius praesentium dignissimos.,Sci-Fi,2004,158,1.9,Emma,Watson,7,35
Vero expedita rerum commodi.,Comedy,2026,171,3.5,Tilda,Swinton,10,39
Possimus.,Thriller,2010,120,1.4,Christian,Bale,6,22
Aut ea.,Sci-Fi,2026,124,4.5,Evanna,Lynch,12,48
Soluta autem.,Thriller,2008,80,1.1,Meryl,Streep,1,31
Aperiam harum adipisci.,Romance,1996,84,1.3,Brendan,Gleeson,13,63
Ipsa provident.,Action,2021,72,5.0,Meryl,Streep,1,6
Aspernatur explicabo vitae.,Horror,2026,147,1.6,Evanna,Lynch,12,12
Delectus accusamus.,Action,2010,77,4.1,Jack,Nicholson,3,41
Modi.,Comedy,2016,84,2.1,Al,Pacino,4,47
Hic.,Action,2020,75,1.4,Saoirse,Ronan,11,70
Fugit facilis enim reiciendis.,Comedy,1997,175,3.7,Christian,Bale,6,70
Quo earum.,Horror,2009,165,2.3,Benedict,Cumberbatch,8,3
Sequi veniam perspiciatis debitis.,Comedy,1999,76,1.3,Benedict,Cumberbatch,8,5
Voluptates laborum.,Comedy,1992,136,1.3,Jack,Nicholson,3,96
At repudiandae facere.,Romance,2013,129,1.9,Saoirse,Ronan,11,77
Temporibus debitis blanditiis.,Horror,1990,89,3.0,Denzel,Washington,2,12
Explicabo eius.,Romance,2019,101,2.9,Evanna,Lynch,12,70
Voluptas eligendi asperiores.,Thriller,2011,170,3.0,Gary,Oldman,9,4
Dolor illo.,Romance,2012,76,4.9,Tilda,Swinton,10,86
Sunt facere itaque.,Thriller,2011,177,2.3,Christian,Bale,6,14
Veritatis soluta.,Drama,2022,126,4.9,Timothée,Chalamet,18,2
Unde adipisci.,Sci-Fi,2002,67,4.3,Benedict,Cumberbatch,8,98
Ab aut.,Thriller,2006,140,4.1,Brendan,Gleeson,13,88
Quos temporibus.,Sci-Fi,2001,104,1.1,Gary,Oldman,9,78
Nobis provident.,Comedy,2011,98,2.0,Denzel,Washington,2,85
Nisi tenetur quo.,Drama,1993,88,3.5,Cate,Blanchett,17,82
Aspernatur itaque nihil.,Sci-Fi,2018,97,4.1,Denzel,Washington,2,21
Nobis quasi.,Comedy,2021,130,2.8,Saoirse,Ronan,11,99
Animi magnam.,Thriller,2002,148,1.4,Christian,Bale,6,34
Voluptate quis ducimus.,Horror,1993,164,2.9,Al,Pacino,4,46
Ab minima.,Thriller,2010,151,4.2,Benedict,Cumberbatch,8,70
Maxime exercitationem quasi.,Sci-Fi,1993,172,4.3,Evanna,Lynch,12,24
Veritatis sapiente itaque aut.,Comedy,2018,103,4.7,Javier,Bardem,20,25
Recusandae reprehenderit illum.,Drama,1995,149,2.9,Al,Pacino,4,36
Iusto atque error.,Horror,1994,164,3.0,Gary,Oldman,9,75
Itaque aliquid vel.,Comedy,2014,72,4.0,Meryl,Streep,1,82
Reiciendis aperiam sapiente.,Romance,2010,72,3.0,Benedict,Cumberbatch,8,12
Accusamus voluptatibus.,Thriller,2006,165,4.5,Meryl,Streep,1,62
Voluptatibus quasi.,Horror,1994,116,2.2,Benedict,Cumberbatch,8,27
Aliquid voluptatem suscipit.,Romance,2009,141,4.4,Jack,Nicholson,3,70
Aperiam velit.,Drama,2010,156,2.8,Javier,Bardem,20,100
Possimus ipsum nisi.,Thriller,2014,159,2.4,Margot,Robbie,16,15
Ut quis enim molestias.,Comedy,2019,73,2.3,Ryan,Gosling,15,35
Ut iste.,Action,2005,135,1.7,Christian,Bale,6,24
Ut at natus.,Sci-Fi,1994,158,3.9,Benedict,Cumberbatch,8,33
Doloremque quae dicta.,Thriller,2000,174,1.7,Jack,Nicholson,3,36
Enim.,Horror,1992,171,3.6,Ryan,Gosling,15,77
Sed ipsam commodi.,Romance,1990,88,3.7,Meryl,Streep,1,54
Corrupti maiores ipsam.,Comedy,2014,179,3.5,Saoirse,Ronan,11,56
Incidunt nostrum.,Drama,2007,130,4.7,Denzel,Washington,2,50
Sapiente similique.,Action,2024,97,2.3,Denzel,Washington,2,26
Cupiditate labore.,Romance,1993,109,4.9,Saoirse,Ronan,11,96
Eos ducimus.,Sci-Fi,2000,95,4.3,Marion,Cotillard,19,85
Aperiam nobis.,Romance,2002,113,3.1,Saoirse,Ronan,11,19
Distinctio aut.,Comedy,2010,133,2.3,Javier,Bardem,20,47
Odit neque voluptatem.,Romance,2016,136,3.9,Tilda,Swinton,10,4
Accusantium sit quidem.,Thriller,2005,70,3.3,Meryl,Streep,1,41
Doloremque dolorum.,Romance,2007,121,2.9,Morgan,Freeman,5,17
Sit repellendus et.,Action,1998,129,3.0,Saoirse,Ronan,11,2
Animi cum aut soluta.,Drama,2025,102,1.5,Jack,Nicholson,3,32
Dolorem quo cupiditate.,Drama,1998,112,4.6,Christian,Bale,6,64
Reiciendis perspiciatis labore.,Romance,2006,75,2.4,Saoirse,Ronan,11,70
Quas dignissimos.,Sci-Fi,1990,153,3.3,Benedict,Cumberbatch,8,98
Explicabo consectetur.,Horror,2012,87,1.5,Denzel,Washington,2,43
Quos dignissimos.,Comedy,2021,136,2.2,Ryan,Gosling,15,28
Vitae nulla tenetur.,Romance,2008,90,1.7,Marion,Cotillard,19,99
Itaque minus.,Action,2023,152,4.4,Brendan,Gleeson,13,28
Necessitatibus rem velit.,Romance,2021,177,1.6,Cate,Blanchett,17,77
Occaecati amet maxime.,Action,2005,177,2.0,Timothée,Chalamet,18,14
Exercitationem atque.,Horror,1994,131,1.6,Al,Pacino,4,72
Nam molestias.,Action,2011,112,4.0,Tilda,Swinton,10,47
Praesentium numquam nulla.,Horror,2014,72,2.9,Saoirse,Ronan,11,2
Porro minus accusamus.,Romance,2025,66,1.5,Emma,Watson,7,31
Odit placeat tempora.,Sci-Fi,2006,74,4.3,Emma,Watson,7,7
Natus.,Sci-Fi,2017,133,2.7,Saoirse,Ronan,11,52
Aperiam hic.,Thriller,2015,78,4.0,Jack,Nicholson,3,96
Eaque aliquam autem.,Horror,2020,86,4.0,Emma,Watson,7,14
Eos magni.,Action,2012,86,3.5,Meryl,Streep,1,96
Ullam vero aliquam.,Comedy,1996,84,3.2,Saoirse,Ronan,11,58
Aliquam voluptate.,Drama,2003,174,1.9,Meryl,Streep,1,15
Dolor odit exercitationem.,Romance,2002,153,2.5,Ryan,Gosling,15,24
Est aut.,Horror,2003,70,1.9,Cate,Blanchett,17,73
Eligendi in asperiores.,Sci-Fi,2016,171,4.3,Saoirse,Ronan,11,73
Velit.,Action,2014,180,2.4,Cate,Blanchett,17,99
Consequatur cum recusandae.,Romance,2004,60,1.0,Brendan,Gleeson,13,25
Molestiae.,Horror,2004,139,2.2,Morgan,Freeman,5,51
Veritatis corrupti incidunt.,Comedy,2004,136,1.3,Saoirse,Ronan,11,30
Praesentium debitis suscipit.,Horror,2022,119,1.4,Brendan,Gleeson,13,28
Quidem necessitatibus.,Horror,1990,102,2.3,Javier,Bardem,20,13
Eligendi provident.,Sci-Fi,2023,120,3.9,Morgan,Freeman,5,5
Quis minima.,Action,2014,150,3.5,Benedict,Cumberbatch,8,10
Doloremque voluptatibus eum.,Sci-Fi,1999,147,1.7,Saoirse,Ronan,11,50
Totam.,Comedy,1994,92,4.5,Tilda,Swinton,10,12
Sit reprehenderit.,Horror,2001,148,2.8,Ryan,Gosling,15,33
Labore fugit debitis.,Horror,2004,174,1.5,Jack,Nicholson,3,52
Reprehenderit dolore nulla ducimus.,Drama,2007,177,4.2,Margot,Robbie,16,63
Vero error.,Horror,2006,102,3.1,Denzel,Washington,2,59
Reprehenderit fuga.,Sci-Fi,1995,162,1.3,Saoirse,Ronan,11,19
Blanditiis laborum.,Comedy,1993,141,1.1,Benedict,Cumberbatch,8,81
Nesciunt rerum ipsa.,Horror,2023,98,3.2,Emma,Watson,7,16
Ad ab.,Horror,2013,71,2.9,Morgan,Freeman,5,77
Aliquid impedit iste.,Thriller,2020,147,4.2,Al,Pacino,4,72
Inventore odit eaque.,Thriller,1999,70,3.0,Gary,Oldman,9,37
Debitis doloremque inventore.,Sci-Fi,2013,123,1.7,Cate,Blanchett,17,58
Iste.,Romance,2001,146,2.4,Saoirse,Ronan,11,92
Sequi nisi amet.,Thriller,2017,125,4.8,Margot,Robbie,16,62
A exercitationem repellendus.,Comedy,2005,77,2.7,Marion,Cotillard,19,30
Voluptates minima.,Sci-Fi,1992,159,4.9,Morgan,Freeman,5,22
Adipisci debitis tempore magnam.,Sci-Fi,2004,150,2.2,Al,Pacino,4,52
At eaque natus.,Romance,2015,71,2.0,Benedict,Cumberbatch,8,8
Temporibus modi illum.,Thriller,2003,124,1.1,Brendan,Gleeson,13,89
Nulla fuga numquam accusamus.,Horror,2017,111,3.7,Cate,Blanchett,17,61
Odio sit.,Sci-Fi,1997,116,1.1,Timothée,Chalamet,18,71
Alias a eius.,Thriller,2008,129,1.1,Morgan,Freeman,5,21
Voluptatibus eius quaerat illum.,Romance,2023,96,4.6,Javier,Bardem,20,30
Perferendis minus praesentium.,Sci-Fi,2016,172,2.2,Christian,Bale,6,3
Illo.,Horror,1994,117,3.2,Tilda,Swinton,10,92
Sit fuga.,Sci-Fi,2009,145,3.0,Denzel,Washington,2,13
Tenetur iste error.,Sci-Fi,2014,110,4.1,Emma,Watson,7,84
Dicta error autem.,Horror,2005,78,3.5,Benedict,Cumberbatch,8,90
Asperiores maxime.,Horror,2010,148,2.7,Timothée,Chalamet,18,73
Harum consequuntur.,Thriller,2002,128,3.6,Brendan,Gleeson,13,8
Magni autem tempora.,Thriller,2021,128,1.4,Benedict,Cumberbatch,8,89
Fuga blanditiis.,Horror,2023,100,1.9,Timothée,Chalamet,18,35
Provident fugiat numquam.,Comedy,2026,127,3.5,Morgan,Freeman,5,97
Modi accusamus.,Drama,1997,60,1.5,Denzel,Washington,2,96
Veniam ratione.,Action,2006,90,2.5,Benedict,Cumberbatch,8,36
Tempore accusantium vel.,Thriller,1994,115,3.7,Meryl,Streep,1,50
Doloremque architecto voluptatem.,Horror,2001,164,2.6,Emma,Watson,7,47
Vitae aut.,Romance,2005,178,3.5,Al,Pacino,4,58
Provident ab.,Action,2012,147,3.3,Saoirse,Ronan,11,23
Deserunt nostrum blanditiis.,Sci-Fi,2018,180,4.3,Gary,Oldman,9,78
Ab sapiente.,Drama,1991,151,2.6,Ryan,Gosling,15,34
Quaerat quas.,Drama,1991,91,3.4,Brendan,Gleeson,13,4
Natus veritatis atque.,Drama,1997,175,2.4,Cate,Blanchett,17,82
Soluta distinctio doloremque.,Sci-Fi,2013,84,4.2,Benedict,Cumberbatch,8,70
Doloremque animi dolor.,Romance,1996,90,3.9,Marion,Cotillard,19,44
Necessitatibus sunt delectus.,Horror,2006,173,2.5,Jack,Nicholson,3,60
Necessitatibus eos perspiciatis.,Sci-Fi,2008,167,3.3,Al,Pacino,4,19
Quos dolores corporis.,Sci-Fi,2023,148,4.0,Meryl,Streep,1,51
Autem exercitationem aliquid.,Romance,2002,180,3.1,Javier,Bardem,20,96
Laboriosam ipsam.,Romance,2003,178,2.9,Gary,Oldman,9,6
Possimus repellendus unde distinctio.,Romance,2002,112,2.4,Morgan,Freeman,5,51
Reiciendis ipsum.,Romance,2002,93,1.0,Timothée,Chalamet,18,72
Adipisci praesentium.,Comedy,2003,127,2.5,Ryan,Gosling,15,62
Iste aspernatur.,Sci-Fi,1994,79,4.7,Evanna,Lynch,12,41
Ea temporibus.,Drama,1990,61,3.4,Jack,Nicholson,3,79
Sunt eum ad.,Drama,1999,143,2.2,Saoirse,Ronan,11,37
Sed.,Sci-Fi,1998,86,1.6,Tilda,Swinton,10,56
At odio error.,Thriller,2010,115,3.4,Jack,Nicholson,3,88
Eveniet laborum.,Drama,2014,100,3.7,Ryan,Gosling,15,13
Similique reiciendis.,Romance,2002,72,1.9,Cate,Blanchett,17,56
Assumenda minus voluptate.,Sci-Fi,2005,107,1.5,Marion,Cotillard,19,47
Fugiat atque nostrum.,Sci-Fi,1997,126,3.0,Brendan,Gleeson,13,73
Asperiores sed placeat.,Romance,2019,161,2.6,Christian,Bale,6,13
Perspiciatis.,Romance,1993,108,2.4,Tilda,Swinton,10,63
Laboriosam explicabo nostrum.,Horror,1993,88,1.5,Saoirse,Ronan,11,36
Laborum porro.,Thriller,2000,124,1.0,Evanna,Lynch,12,24
Quasi quia repellendus.,Comedy,2006,113,4.6,Marion,Cotillard,19,38
Dolorum ab dicta.,Action,2002,126,3.6,Tilda,Swinton,10,23
Commodi dolorum ipsam.,Romance,2016,98,3.7,Margot,Robbie,16,29
Laboriosam quidem.,Action,1990,168,3.6,Benedict,Cumberbatch,8,88
Pariatur quasi eveniet.,Drama,2007,84,4.1,Timothée,Chalamet,18,9
Placeat maiores.,Sci-Fi,2019,126,3.0,Christian,Bale,6,4
Sequi similique nostrum.,Thriller,2024,126,3.3,Tilda,Swinton,10,40
Labore doloribus ipsa.,Drama,2017,149,4.3,Timothée,Chalamet,18,75
Laboriosam quod ex.,Drama,2000,140,3.0,Al,Pacino,4,83
Facilis nostrum.,Romance,2022,69,2.9,Javier,Bardem,20,7
Nulla quaerat.,Horror,1991,89,4.7,Evanna,Lynch,12,58
Consequatur fuga.,Drama,2001,64,1.8,Cate,Blanchett,17,6
Quaerat deleniti tenetur.,Comedy,1997,167,4.7,Timothée,Chalamet,18,41
Cumque.,Drama,2019,169,3.4,Ryan,Gosling,15,82
Iusto quia.,Drama,2017,179,4.8,Emma,Watson,7,24
Corrupti at cum.,Horror,2021,145,4.5,Tilda,Swinton,10,69
Dignissimos voluptatem.,Comedy,2002,147,4.5,Marion,Cotillard,19,100
Necessitatibus cupiditate placeat.,Action,2019,87,3.7,Benedict,Cumberbatch,8,11
Voluptates suscipit.,Romance,2018,107,2.8,Evanna,Lynch,12,64
Dicta ducimus.,Thriller,2018,110,4.9,Margot,Robbie,16,94
Cumque atque.,Drama,2009,177,1.2,Emma,Watson,7,34
Sit excepturi excepturi.,Action,2017,79,2.4,Brendan,Gleeson,13,89
Quam quaerat ad.,Drama,2016,71,1.6,Christian,Bale,6,52
Laudantium omnis.,Action,2007,180,4.7,Al,Pacino,4,32
Doloremque inventore enim.,Comedy,2026,62,1.7,Morgan,Freeman,5,35
Animi iste.,Sci-Fi,2020,117,2.0,Margot,Robbie,16,47
Suscipit aliquam libero dignissimos.,Action,2010,113,4.7,Timothée,Chalamet,18,64
Placeat.,Drama,1997,79,4.3,Timothée,Chalamet,18,99
Provident error.,Action,2017,100,1.5,Brendan,Gleeson,13,8
Ipsa excepturi repellat.,Drama,2000,162,1.1,Saoirse,Ronan,11,46
Accusamus accusamus.,Drama,1996,117,1.5,Gary,Oldman,9,50
Labore perspiciatis distinctio.,Romance,2006,91,4.1,Timothée,Chalamet,18,28
Sed eligendi ex.,Drama,2025,76,4.0,Denzel,Washington,2,55
Corrupti assumenda.,Romance,1990,80,1.3,Christian,Bale,6,10
Repudiandae quod.,Drama,2023,168,3.8,Christian,Bale,6,48
Eligendi magni nemo.,Comedy,2016,165,2.4,Christian,Bale,6,22
Aliquam fugiat.,Horror,1992,90,4.2,Evanna,Lynch,12,78
Reiciendis eveniet.,Sci-Fi,2021,132,3.7,Javier,Bardem,20,84
Ab ea.,Romance,2025,80,1.9,Javier,Bardem,20,47
Esse esse modi.,Romance,2023,118,4.1,Christian,Bale,6,12
Ex at hic.,Romance,1992,143,3.6,Gary,Oldman,9,35
Deleniti cupiditate doloremque.,Romance,2021,131,2.6,Tilda,Swinton,10,69
Ab officia earum saepe.,Action,2000,159,2.4,Gary,Oldman,9,57
Explicabo assumenda sint.,Drama,2012,95,3.0,Marion,Cotillard,19,37
Tempora exercitationem.,Sci-Fi,1995,139,2.9,Al,Pacino,4,72
Repudiandae occaecati.,Sci-Fi,2025,161,5.0,Jack,Nicholson,3,4
Inventore fugiat.,Horror,2021,107,3.0,Christian,Bale,6,20
Ut iusto saepe reiciendis.,Thriller,2000,68,2.4,Al,Pacino,4,41
Quos debitis quas.,Drama,2011,139,3.6,Morgan,Freeman,5,13
Esse porro.,Thriller,1995,166,2.5,Emma,Watson,7,79
Suscipit suscipit.,Sci-Fi,1997,121,2.3,Javier,Bardem,20,33
Harum odio.,Comedy,2000,156,1.7,Ryan,Gosling,15,89
Sunt dolores nihil.,Action,2020,168,3.2,Al,Pacino,4,28
Repellendus facilis error.,Action,2026,169,1.8,Benedict,Cumberbatch,8,57
Ea incidunt.,Thriller,2006,80,4.2,Emma,Watson,7,31
Maiores maiores quo.,Horror,2011,120,5.0,Denzel,Washington,2,23
Quae hic.,Horror,2014,116,1.3,Javier,Bardem,20,1
Recusandae consequatur.,Horror,1996,159,2.7,Timothée,Chalamet,18,79
Nisi explicabo.,Action,2024,151,3.7,Cate,Blanchett,17,93
Veniam tempora minima.,Horror,2003,173,2.5,Evanna,Lynch,12,3
Aspernatur magnam earum.,Horror,2005,156,1.5,Saoirse,Ronan,11,52
Ipsam unde.,Drama,2001,109,3.6,Benedict,Cumberbatch,8,3
Et eveniet.,Sci-Fi,1998,113,1.3,Brendan,Gleeson,13,98
Voluptas nobis autem.,Action,2021,80,4.8,Saoirse,Ronan,11,7
Sunt dicta.,Action,1993,154,4.9,Brendan,Gleeson,13,83
Voluptatibus.,Sci-Fi,2009,79,2.7,Saoirse,Ronan,11,88
Expedita voluptatum sit.,Comedy,2007,74,2.0,Marion,Cotillard,19,39
Molestiae accusamus ea nostrum.,Comedy,1994,131,4.1,Saoirse,Ronan,11,86
Incidunt.,Sci-Fi,2005,114,1.2,Tilda,Swinton,10,87
Libero vitae vero veritatis.,Comedy,1993,162,4.8,Evanna,Lynch,12,73
Quia quam facere.,Romance,1992,141,4.3,Saoirse,Ronan,11,30
Maiores.,Sci-Fi,2014,129,3.2,Morgan,Freeman,5,47
Incidunt doloribus quis.,Action,2015,81,1.6,Saoirse,Ronan,11,40
Sed porro nesciunt.,Action,1995,167,3.7,Gary,Oldman,9,76
Sequi adipisci consectetur.,Action,1996,75,3.8,Tilda,Swinton,10,13
Recusandae ut ratione.,Horror,1992,158,1.9,Emma,Watson,7,64
Facilis sit assumenda.,Sci-Fi,2000,81,3.6,Brendan,Gleeson,13,47
Atque.,Action,2026,67,4.6,Brendan,Gleeson,13,31
Vero eos porro.,Action,1993,96,3.0,Saoirse,Ronan,11,99
Sed temporibus laudantium.,Horror,1997,139,1.4,Emma,Watson,7,61
Placeat.,Thriller,1993,84,1.2,Gary,Oldman,9,76
Non laudantium numquam.,Comedy,2023,101,2.0,Benedict,Cumberbatch,8,24
Sint alias.,Thriller,2021,60,3.9,Benedict,Cumberbatch,8,84
Qui minima laboriosam.,Romance,1991,125,4.7,Benedict,Cumberbatch,8,95
Minus placeat illum.,Action,2002,96,4.6,Saoirse,Ronan,11,80
Magnam maiores culpa.,Action,1991,98,2.5,Tilda,Swinton,10,74
Voluptate sapiente recusandae nihil.,Romance,1993,99,4.9,Jack,Nicholson,3,31
Animi ipsum.,Drama,2003,73,4.4,Marion,Cotillard,19,46
Architecto impedit necessitatibus.,Thriller,2022,120,1.4,Timothée,Chalamet,18,83
Ipsum recusandae.,Comedy,1992,145,1.1,Evanna,Lynch,12,13
Enim omnis vel.,Romance,2014,79,3.1,Marion,Cotillard,19,67
Illum amet.,Action,1999,116,1.1,Cate,Blanchett,17,87
Suscipit similique recusandae.,Romance,2025,67,3.1,Javier,Bardem,20,67
Odit.,Thriller,2019,77,4.9,Brendan,Gleeson,13,72
Voluptate debitis fugiat.,Action,2024,134,3.4,Cate,Blanchett,17,32
Molestias a aut.,Comedy,2000,179,2.1,Jack,Nicholson,3,36
Ut.,Romance,2017,129,3.7,Benedict,Cumberbatch,8,91
Ipsa nemo aut possimus.,Thriller,2007,131,3.8,Saoirse,Ronan,11,14
Sapiente facilis amet.,Action,2009,170,3.3,Timothée,Chalamet,18,32
Laborum nemo.,Sci-Fi,1995,166,1.3,Margot,Robbie,16,37
Enim non aliquid.,Sci-Fi,1995,174,2.8,Javier,Bardem,20,40
Fugiat ad.,Sci-Fi,2023,89,2.2,Emma,Watson,7,39
Quia.,Sci-Fi,2016,82,2.1,Evanna,Lynch,12,29
Delectus quam.,Horror,2019,63,2.6,Benedict,Cumberbatch,8,61
Iure odio.,Thriller,2000,152,3.9,Saoirse,Ronan,11,51
Minus voluptatem velit ipsum.,Romance,2022,87,1.8,Al,Pacino,4,12
Vero maiores.,Romance,1999,167,3.8,Saoirse,Ronan,11,21
Soluta provident atque corporis.,Sci-Fi,2012,157,4.6,Brendan,Gleeson,13,93
Ex placeat voluptatibus blanditiis.,Drama,2012,142,1.6,Denzel,Washington,2,63
Aut praesentium.,Comedy,1990,61,3.0,Margot,Robbie,16,84
Sunt exercitationem.,Comedy,2013,97,2.9,Benedict,Cumberbatch,8,60
Quia aliquid repellendus.,Action,2012,130,1.4,Meryl,Streep,1,97
Id maiores architecto.,Romance,1990,144,3.4,Meryl,Streep,1,30
Necessitatibus hic.,Sci-Fi,2004,137,2.7,Al,Pacino,4,100
Delectus illo.,Sci-Fi,2017,137,3.4,Al,Pacino,4,21
Eius ex.,Drama,2006,93,3.7,Al,Pacino,4,85
Mollitia magnam consequuntur.,Thriller,2009,115,1.2,Al,Pacino,4,40
Reiciendis animi.,Romance,1995,135,1.8,Gary,Oldman,9,69
Accusantium dolorum.,Romance,2024,82,3.3,Marion,Cotillard,19,35
Ratione unde expedita.,Thriller,2017,82,2.3,Javier,Bardem,20,63
Illo facilis.,Drama,1990,77,3.8,Saoirse,Ronan,11,20
Eligendi non aperiam ea.,Thriller,2022,135,3.3,Morgan,Freeman,5,79
Dolorum voluptatem.,Action,2008,77,1.3,Saoirse,Ronan,11,83
Voluptates atque ab ipsum.,Romance,2004,126,3.2,Tilda,Swinton,10,70
Quaerat aspernatur.,Drama,2009,144,1.0,Benedict,Cumberbatch,8,23
Asperiores architecto.,Drama,1993,127,3.7,Al,Pacino,4,10
Sit illum eligendi.,Romance,2016,78,1.8,Saoirse,Ronan,11,95
Laboriosam corporis.,Thriller,2014,66,4.9,Meryl,Streep,1,59
Consequuntur dolores sequi quisquam.,Horror,1991,133,2.1,Margot,Robbie,16,38
Delectus.,Romance,2019,180,1.6,Margot,Robbie,16,95
Quam temporibus.,Romance,2001,143,5.0,Saoirse,Ronan,11,61
Temporibus voluptates beatae.,Sci-Fi,2000,61,2.6,Saoirse,Ronan,11,72
Vel hic.,Horror,1994,132,3.4,Ryan,Gosling,15,8
Facilis error consectetur.,Horror,2025,86,2.9,Tilda,Swinton,10,49
Nesciunt rem quis.,Drama,2006,131,2.7,Javier,Bardem,20,7
Voluptas aliquam possimus.,Drama,2015,67,1.5,Cate,Blanchett,17,56
Eligendi culpa.,Horror,1999,170,3.2,Christian,Bale,6,14
Libero corrupti.,Drama,2013,179,1.3,Brendan,Gleeson,13,2
Omnis unde tempore.,Romance,2024,90,3.2,Morgan,Freeman,5,19
Debitis ullam laudantium.,Sci-Fi,2013,94,4.2,Jack,Nicholson,3,62
Accusantium nam.,Romance,2009,173,2.9,Javier,Bardem,20,88
Dolorem hic cupiditate.,Thriller,2016,114,1.5,Brendan,Gleeson,13,19
Veritatis corporis.,Thriller,2025,174,2.6,Brendan,Gleeson,13,16
Aliquid et eveniet.,Thriller,1992,101,4.2,Cate,Blanchett,17,43
Tempore quibusdam architecto.,Romance,1990,178,4.9,Gary,Oldman,9,67
Sint id.,Action,1999,119,3.2,Jack,Nicholson,3,87
Reprehenderit blanditiis corporis.,Comedy,2001,112,1.8,Al,Pacino,4,43
Ad.,Comedy,2023,111,1.2,Denzel,Washington,2,30
Distinctio.,Drama,2007,143,4.6,Al,Pacino,4,67
Odit molestiae.,Romance,2007,170,3.6,Saoirse,Ronan,11,43
Autem praesentium.,Comedy,2007,125,2.7,Denzel,Washington,2,66
Nisi consequatur blanditiis.,Thriller,2023,70,3.0,Javier,Bardem,20,68
Ullam repellat molestiae.,Action,2005,161,3.4,Denzel,Washington,2,44
Laudantium.,Drama,2022,171,1.6,Saoirse,Ronan,11,32
Reiciendis quas earum.,Comedy,2004,81,2.0,Denzel,Washington,2,79
Officia a hic.,Sci-Fi,2003,78,1.7,Marion,Cotillard,19,90
Sunt aperiam veniam.,Sci-Fi,2022,154,2.0,Al,Pacino,4,72
Sequi itaque aliquid.,Action,1992,78,3.9,Evanna,Lynch,12,40
Delectus natus aliquam.,Drama,2008,152,2.0,Saoirse,Ronan,11,9
Maxime numquam ullam.,Comedy,2015,139,1.7,Marion,Cotillard,19,3
Unde animi impedit.,Thriller,2010,179,1.3,Benedict,Cumberbatch,8,51
Ipsa minima eos accusantium.,Thriller,1994,150,4.2,Denzel,Washington,2,84
Excepturi ut ad ea.,Romance,2012,177,4.3,Gary,Oldman,9,41
Nihil voluptatibus.,Horror,2012,156,1.2,Al,Pacino,4,11
Suscipit possimus consectetur.,Drama,2012,177,1.3,Meryl,Streep,1,42
Ratione nobis.,Drama,2020,121,4.5,Marion,Cotillard,19,7
Id omnis.,Action,2016,160,4.5,Tilda,Swinton,10,9
Et explicabo praesentium.,Thriller,2013,129,1.9,Marion,Cotillard,19,10
Quos occaecati id.,Comedy,2010,176,3.3,Morgan,Freeman,5,19
Deserunt autem.,Action,1992,108,2.7,Gary,Oldman,9,29
Quae non.,Sci-Fi,2013,78,4.0,Cate,Blanchett,17,11
Id doloribus.,Thriller,2002,152,4.8,Jack,Nicholson,3,55
Excepturi est nam.,Drama,2009,119,2.9,Evanna,Lynch,12,10
Itaque quam.,Drama,1998,138,2.5,Cate,Blanchett,17,58
Natus illo.,Romance,2000,67,3.9,Margot,Robbie,16,92
Quos quaerat labore.,Horror,1998,142,1.8,Brendan,Gleeson,13,23
Corrupti laboriosam velit repudiandae.,Thriller,1998,148,2.1,Al,Pacino,4,14
Asperiores voluptatibus cumque.,Drama,2012,176,5.0,Benedict,Cumberbatch,8,15
Itaque nostrum temporibus rerum.,Action,2006,88,2.3,Evanna,Lynch,12,21
Perferendis possimus eum.,Thriller,1997,84,3.0,Jack,Nicholson,3,60
Eius harum.,Comedy,2016,142,3.9,Emma,Watson,7,53
Tempora aliquid.,Action,2023,77,2.7,Tilda,Swinton,10,1
Temporibus voluptatem voluptatum.,Romance,2016,147,3.4,Saoirse,Ronan,11,50
Aperiam nobis sint.,Sci-Fi,2026,134,3.5,Evanna,Lynch,12,90
Debitis recusandae.,Drama,2012,83,2.7,Tilda,Swinton,10,65
Officia provident.,Horror,2015,65,3.7,Ryan,Gosling,15,43
Quaerat corrupti dolor.,Comedy,2000,180,3.1,Tilda,Swinton,10,34
Iusto quo.,Action,2000,127,2.8,Christian,Bale,6,44
Laboriosam ducimus libero.,Romance,2015,126,1.4,Cate,Blanchett,17,92
Ad aspernatur.,Action,1990,113,3.2,Saoirse,Ronan,11,6
Dignissimos veritatis.,Action,1990,75,1.2,Saoirse,Ronan,11,95
Quisquam nobis numquam.,Romance,1995,121,4.6,Benedict,Cumberbatch,8,28
Excepturi explicabo voluptate.,Comedy,1991,158,3.0,Morgan,Freeman,5,86
Expedita corrupti fugiat.,Action,2024,132,4.1,Saoirse,Ronan,11,89
Nulla.,Horror,1996,112,2.0,Javier,Bardem,20,77
Aperiam quis facere.,Thriller,1997,115,3.6,Marion,Cotillard,19,36
Quibusdam animi veniam.,Drama,2022,65,2.0,Emma,Watson,7,42
Illum fugiat.,Sci-Fi,2025,118,3.2,Saoirse,Ronan,11,27
Culpa voluptas.,Action,2021,74,4.8,Marion,Cotillard,19,62
Harum ea.,Sci-Fi,2010,103,3.5,Saoirse,Ronan,11,79
Sapiente.,Drama,2002,171,2.1,Meryl,Streep,1,9
Eaque expedita.,Horror,2014,173,3.9,Marion,Cotillard,19,52
Distinctio officiis sint.,Action,1993,159,4.9,Benedict,Cumberbatch,8,39
Qui esse.,Romance,2016,82,1.9,Jack,Nicholson,3,71
Vitae.,Action,2001,179,2.2,Cate,Blanchett,17,21
Minus iste alias possimus.,Thriller,2026,117,3.8,Ryan,Gosling,15,57
Voluptatibus rerum numquam.,Comedy,2003,76,3.0,Saoirse,Ronan,11,100
Similique explicabo.,Romance,1993,113,1.5,Marion,Cotillard,19,60
Nam iste.,Sci-Fi,1999,91,2.2,Jack,Nicholson,3,42
Voluptates saepe.,Comedy,2023,131,2.6,Denzel,Washington,2,63
Voluptatibus doloribus.,Drama,2024,178,5.0,Margot,Robbie,16,57
Facilis quibusdam exercitationem.,Horror,2019,149,2.3,Tilda,Swinton,10,85
Voluptates laborum ut.,Horror,1991,153,3.2,Brendan,Gleeson,13,77
Architecto aperiam.,Action,2026,148,3.6,Christian,Bale,6,49
Exercitationem facere.,Horror,1996,122,1.0,Brendan,Gleeson,13,22
Pariatur cum.,Romance,2005,72,4.9,Christian,Bale,6,80
Quam at velit.,Thriller,2026,94,3.2,Javier,Bardem,20,2
Iusto cumque corporis.,Action,2004,130,3.9,Evanna,Lynch,12,33
Earum qui rem.,Romance,1996,175,1.3,Gary,Oldman,9,90
Iste odio.,Comedy,1992,151,3.9,Saoirse,Ronan,11,51
Deleniti asperiores libero.,Romance,2014,166,2.9,Ryan,Gosling,15,79
Itaque ratione provident optio.,Horror,2002,171,1.1,Morgan,Freeman,5,78
Perspiciatis repellat repellat.,Action,2003,71,2.1,Timothée,Chalamet,18,59
Quis illo laborum nulla.,Action,2020,128,1.9,Denzel,Washington,2,49
Ex cumque.,Sci-Fi,2020,83,2.9,Meryl,Streep,1,55
Autem dolores unde.,Action,2024,100,3.5,Cate,Blanchett,17,94
Quibusdam reiciendis adipisci.,Drama,1997,146,4.7,Cate,Blanchett,17,6
Perspiciatis sapiente.,Horror,1990,153,2.7,Ryan,Gosling,15,41
Odit laudantium.,Drama,2020,74,3.8,Timothée,Chalamet,18,85
Expedita ex eum.,Horror,2011,169,1.1,Saoirse,Ronan,11,7
Dolores deleniti.,Thriller,1997,106,4.9,Saoirse,Ronan,11,36
Quis inventore unde.,Action,1995,171,1.9,Margot,Robbie,16,66
Molestias velit.,Sci-Fi,1998,141,2.4,Marion,Cotillard,19,38
Molestias aperiam.,Horror,2018,91,1.5,Christian,Bale,6,64
Animi deserunt.,Action,2026,110,4.4,Saoirse,Ronan,11,7
Totam.,Comedy,1995,91,2.7,Brendan,Gleeson,13,6
Nulla laborum.,Sci-Fi,1996,167,3.4,Ryan,Gosling,15,47
Veritatis soluta dignissimos.,Sci-Fi,2026,81,3.7,Evanna,Lynch,12,9
Deserunt laborum.,Comedy,1994,144,1.5,Evanna,Lynch,12,9
Fugiat.,Sci-Fi,2000,85,2.0,Emma,Watson,7,47
Sequi sunt maxime.,Action,2021,128,3.6,Tilda,Swinton,10,65
Repudiandae quod ipsam.,Horror,2004,112,2.3,Denzel,Washington,2,64
Voluptatem voluptates maiores.,Horror,1995,144,2.2,Saoirse,Ronan,11,21
Alias rem.,Sci-Fi,2023,169,2.7,Denzel,Washington,2,37
Ipsa consectetur.,Thriller,2001,68,1.2,Margot,Robbie,16,42
A beatae.,Horror,1999,123,2.6,Morgan,Freeman,5,79
Odit laudantium maxime.,Romance,2011,168,1.1,Meryl,Streep,1,41
Quos dolores.,Comedy,1999,110,4.3,Al,Pacino,4,29
Consequuntur magni suscipit temporibus.,Drama,2017,140,3.0,Timothée,Chalamet,18,39
Occaecati occaecati.,Comedy,2017,111,1.9,Meryl,Streep,1,38
Impedit veritatis.,Horror,2026,115,3.9,Al,Pacino,4,41
Et id.,Romance,2003,147,4.3,Marion,Cotillard,19,80
Magni libero dicta.,Thriller,1990,131,1.8,Meryl,Streep,1,67
Culpa vero excepturi.,Horror,2023,130,2.4,Marion,Cotillard,19,65
Possimus nam magnam ipsam.,Drama,2023,60,1.3,Denzel,Washington,2,90
Nesciunt accusantium numquam.,Comedy,2014,85,3.8,Jack,Nicholson,3,77
Officiis unde perferendis.,Drama,2009,105,3.0,Evanna,Lynch,12,29
Odit aliquam.,Comedy,2010,112,1.9,Brendan,Gleeson,13,91
Architecto nesciunt.,Drama,1990,81,2.6,Evanna,Lynch,12,14
Molestiae maxime.,Horror,1995,122,4.9,Emma,Watson,7,7
Veniam iusto quibusdam.,Romance,1996,166,4.4,Timothée,Chalamet,18,19
Praesentium quo.,Action,2008,84,5.0,Jack,Nicholson,3,37
Saepe aperiam.,Horror,2009,81,2.3,Margot,Robbie,16,25
Aspernatur ducimus.,Action,1997,86,3.8,Tilda,Swinton,10,69
Numquam fugit.,Comedy,1992,139,1.9,Emma,Watson,7,63
Maiores consequatur.,Horror,2026,158,4.3,Benedict,Cumberbatch,8,13
Sit excepturi soluta.,Action,2025,126,1.1,Tilda,Swinton,10,19
Saepe suscipit quam.,Sci-Fi,2024,116,4.1,Christian,Bale,6,11
Quod tempora.,Sci-Fi,2001,113,3.8,Denzel,Washington,2,4
Minus iusto eligendi.,Romance,1998,71,1.1,Saoirse,Ronan,11,67
Delectus.,Action,1997,150,4.9,Emma,Watson,7,14
Error.,Drama,2006,162,4.4,Javier,Bardem,20,74
Eum.,Sci-Fi,2022,164,3.2,Benedict,Cumberbatch,8,37
Id omnis deleniti molestias.,Action,2014,67,2.4,Gary,Oldman,9,84
Recusandae quasi necessitatibus.,Comedy,2019,109,4.1,Christian,Bale,6,22
Sint iure.,Sci-Fi,2000,77,1.6,Meryl,Streep,1,7
Blanditiis reiciendis.,Drama,2008,99,3.3,Brendan,Gleeson,13,97
Ullam perspiciatis.,Comedy,1993,109,3.8,Gary,Oldman,9,46
Dolor fugiat.,Sci-Fi,2018,92,4.6,Meryl,Streep,1,73
Repellat incidunt.,Thriller,2009,122,4.9,Benedict,Cumberbatch,8,47
Ex.,Sci-Fi,2012,121,1.6,Marion,Cotillard,19,67
Sed minima veritatis modi.,Sci-Fi,2021,131,4.1,Meryl,Streep,1,73
Nihil sed.,Horror,2008,154,3.5,Benedict,Cumberbatch,8,19
Minima illum.,Horror,2001,76,4.6,Al,Pacino,4,91
Esse nesciunt consequatur.,Horror,2008,159,1.7,Al,Pacino,4,23
Molestias molestiae officiis.,Horror,2006,109,2.1,Saoirse,Ronan,11,34
Deserunt ratione.,Action,2026,151,1.0,Timothée,Chalamet,18,4
Ut fuga.,Drama,2009,168,1.6,Javier,Bardem,20,79
Enim ullam voluptate earum.,Romance,2007,133,1.8,Timothée,Chalamet,18,37
Ipsa eum dolorem.,Drama,2009,102,3.2,Benedict,Cumberbatch,8,24
Minus expedita magnam.,Comedy,2002,107,2.4,Gary,Oldman,9,62
Sed consequatur commodi quidem.,Comedy,2013,81,4.7,Christian,Bale,6,33
Eos soluta.,Drama,2004,110,2.0,Cate,Blanchett,17,48
Minima hic minus.,Drama,1993,132,1.3,Brendan,Gleeson,13,35
Adipisci esse accusamus.,Romance,1992,62,4.7,Javier,Bardem,20,59
Corporis voluptate et.,Thriller,2023,115,1.8,Ryan,Gosling,15,60
Aperiam provident.,Drama,2023,131,3.8,Emma,Watson,7,28
Dolorem facilis.,Drama,2000,63,5.0,Meryl,Streep,1,31
Asperiores.,Thriller,2025,115,3.0,Tilda,Swinton,10,30
Provident ipsam unde.,Sci-Fi,2009,108,2.6,Jack,Nicholson,3,12
Reprehenderit doloremque.,Comedy,2022,155,2.3,Gary,Oldman,9,65
Quas earum soluta.,Comedy,2012,164,3.0,Morgan,Freeman,5,23
Illo in excepturi.,Drama,2002,149,1.9,Gary,Oldman,9,57
Reiciendis quas minus.,Comedy,1996,164,4.1,Evanna,Lynch,12,81
Saepe dolor.,Horror,2007,161,2.8,Saoirse,Ronan,11,11
Dolores doloremque nobis.,Drama,2008,168,4.2,Emma,Watson,7,94
Dicta assumenda quas.,Drama,2005,137,3.4,Cate,Blanchett,17,78
Repellat excepturi maxime.,Thriller,1998,149,4.4,Margot,Robbie,16,46
Doloribus quasi fugiat.,Comedy,2013,82,1.3,Marion,Cotillard,19,47
Eligendi iusto.,Horror,2015,88,2.9,Meryl,Streep,1,89
Quisquam itaque.,Drama,2007,161,3.7,Al,Pacino,4,64
Dolorum laboriosam sed.,Sci-Fi,2003,132,3.6,Denzel,Washington,2,90
Quas nihil quas.,Drama,2012,164,3.8,Tilda,Swinton,10,81
At fugiat.,Romance,2013,77,3.8,Timothée,Chalamet,18,35
Ut.,Drama,2012,109,4.7,Tilda,Swinton,10,3
Hic modi soluta accusamus.,Thriller,2015,145,1.2,Brendan,Gleeson,13,7
Odit modi ipsa.,Horror,2001,125,4.2,Brendan,Gleeson,13,56
Quidem similique maxime.,Thriller,2022,168,2.0,Denzel,Washington,2,50
Odit provident.,Action,1999,88,1.7,Gary,Oldman,9,33
Distinctio.,Thriller,2012,114,4.7,Christian,Bale,6,87
Beatae doloribus fuga nihil.,Drama,2004,106,2.9,Saoirse,Ronan,11,37
Tempora error repudiandae.,Horror,2012,73,2.4,Christian,Bale,6,7
Porro quidem dolore.,Comedy,1999,127,1.1,Javier,Bardem,20,98
Dignissimos molestiae.,Comedy,1995,63,3.1,Javier,Bardem,20,52
Dignissimos officiis cupiditate.,Sci-Fi,2018,177,4.0,Christian,Bale,6,56
Illo cum pariatur.,Horror,2011,88,2.1,Jack,Nicholson,3,17
Veritatis veritatis assumenda.,Action,2016,167,1.0,Denzel,Washington,2,93
Vero architecto sequi omnis.,Action,2008,146,1.5,Denzel,Washington,2,2
Vero quam.,Horror,2008,62,1.8,Saoirse,Ronan,11,100
Perferendis repudiandae veritatis.,Thriller,2023,138,2.3,Denzel,Washington,2,55
Nihil.,Sci-Fi,2018,107,4.8,Saoirse,Ronan,11,26
Quam qui sint.,Comedy,1995,77,1.6,Meryl,Streep,1,57
Iusto enim.,Horror,2002,172,1.2,Saoirse,Ronan,11,55
Aperiam molestias rerum.,Thriller,2008,117,3.8,Benedict,Cumberbatch,8,8
Eligendi nisi.,Action,1990,119,1.4,Timothée,Chalamet,18,37
Assumenda dolores.,Sci-Fi,2016,148,1.2,Al,Pacino,4,70
Cum quos quidem.,Sci-Fi,2015,168,3.6,Saoirse,Ronan,11,29
Dolor cupiditate.,Thriller,2007,74,1.6,Meryl,Streep,1,69
Laborum.,Romance,2025,153,1.1,Javier,Bardem,20,9
Provident est at.,Horror,2024,66,1.6,Saoirse,Ronan,11,86
Blanditiis dignissimos.,Romance,1995,179,1.5,Brendan,Gleeson,13,19
Inventore qui animi eveniet.,Drama,1993,87,3.4,Brendan,Gleeson,13,22
Cum velit.,Sci-Fi,2016,116,3.5,Timothée,Chalamet,18,80
Assumenda adipisci.,Romance,2007,119,1.5,Brendan,Gleeson,13,1
Earum necessitatibus culpa.,Comedy,1997,154,4.1,Gary,Oldman,9,91
Magni.,Romance,1992,146,1.8,Saoirse,Ronan,11,36
Fugiat eligendi.,Action,2018,132,4.3,Denzel,Washington,2,64
At aliquam architecto.,Action,2006,156,2.6,Saoirse,Ronan,11,8
Molestiae blanditiis officiis.,Drama,2007,132,3.9,Al,Pacino,4,3
Veniam facere accusantium.,Sci-Fi,2026,74,3.4,Emma,Watson,7,98
Tenetur provident.,Romance,2016,100,4.0,Tilda,Swinton,10,77
Beatae id voluptatum.,Action,2003,160,2.1,Cate,Blanchett,17,72
Facilis quae.,Sci-Fi,2010,141,2.0,Meryl,Streep,1,22
Nulla deserunt quod.,Horror,1999,132,2.1,Ryan,Gosling,15,61
Quisquam.,Sci-Fi,1997,113,3.0,Benedict,Cumberbatch,8,33
Explicabo at.,Sci-Fi,1996,159,1.1,Timothée,Chalamet,18,9
Sequi voluptates.,Horror,1997,108,3.8,Javier,Bardem,20,5
Veritatis ipsum.,Thriller,2020,83,4.7,Marion,Cotillard,19,24
Officiis amet.,Horror,1999,179,3.7,Jack,Nicholson,3,34
Consectetur alias ut.,Action,2014,89,1.8,Al,Pacino,4,49
Temporibus saepe necessitatibus.,Drama,2020,83,4.7,Ryan,Gosling,15,18
Et non.,Drama,2020,128,4.9,Tilda,Swinton,10,11
Optio consequuntur.,Sci-Fi,2007,166,2.7,Saoirse,Ronan,11,72
Non.,Comedy,1997,165,4.1,Evanna,Lynch,12,11
Vel distinctio dolorem.,Drama,1993,89,3.0,Gary,Oldman,9,22
Quas necessitatibus.,Romance,2023,122,3.6,Evanna,Lynch,12,85
Facere illum delectus.,Action,2008,114,1.4,Margot,Robbie,16,10
Hic praesentium.,Comedy,2009,168,4.5,Tilda,Swinton,10,89
Nulla eaque minus perferendis.,Drama,2009,129,4.6,Jack,Nicholson,3,30
Veritatis odio.,Thriller,1995,118,1.5,Evanna,Lynch,12,17
Voluptatem.,Action,2002,134,4.6,Ryan,Gosling,15,98
Libero tempora.,Drama,2003,166,3.1,Jack,Nicholson,3,85
Vel quas voluptatum.,Drama,2025,85,4.8,Jack,Nicholson,3,86
Ut repudiandae commodi.,Romance,2005,65,4.8,Javier,Bardem,20,82
Nostrum perspiciatis numquam.,Drama,2013,179,3.3,Emma,Watson,7,46
Odit illum.,Sci-Fi,2017,76,3.8,Brendan,Gleeson,13,62
Quo minima aut.,Comedy,2005,151,5.0,Tilda,Swinton,10,4
Voluptatibus molestiae.,Thriller,2009,97,3.6,Brendan,Gleeson,13,52
Corrupti accusantium consectetur.,Sci-Fi,2006,180,2.6,Benedict,Cumberbatch,8,38
Natus.,Romance,2013,141,3.8,Emma,Watson,7,75
Pariatur excepturi fugit.,Sci-Fi,1992,150,3.1,Ryan,Gosling,15,22
Laudantium vitae.,Comedy,1997,167,3.6,Christian,Bale,6,61
Similique aperiam.,Horror,2024,99,1.1,Javier,Bardem,20,64
Voluptatum velit.,Horror,1996,180,3.5,Meryl,Streep,1,86
Sapiente quidem.,Romance,1990,135,4.3,Margot,Robbie,16,97
Quasi beatae.,Drama,2005,67,2.9,Tilda,Swinton,10,5
Aperiam quae.,Thriller,1993,165,4.0,Denzel,Washington,2,32
Nulla eum voluptatem.,Romance,2007,135,1.7,Gary,Oldman,9,65
Ratione deserunt.,Thriller,2003,147,4.2,Tilda,Swinton,10,62
Non.,Action,1993,139,2.2,Denzel,Washington,2,23
Cum eaque aut.,Romance,1991,145,1.7,Al,Pacino,4,56
Ratione voluptatum vel.,Thriller,2026,87,1.9,Brendan,Gleeson,13,95
Laudantium maxime.,Action,2011,83,2.3,Cate,Blanchett,17,15
Pariatur doloribus.,Romance,2002,180,4.7,Marion,Cotillard,19,12
Quae quo aut.,Sci-Fi,2023,106,2.8,Saoirse,Ronan,11,21
Id culpa.,Drama,2016,157,1.1,Morgan,Freeman,5,97
Ad minima.,Comedy,1991,135,1.4,Saoirse,Ronan,11,31
Accusamus dicta.,Romance,2020,109,3.9,Meryl,Streep,1,13
Ab in.,Drama,2014,76,4.9,Meryl,Streep,1,20
Accusamus.,Sci-Fi,2017,114,2.5,Brendan,Gleeson,13,72
Temporibus commodi quis.,Sci-Fi,2012,88,3.4,Gary,Oldman,9,39
Odio quasi.,Drama,2018,71,3.8,Benedict,Cumberbatch,8,84
Eaque.,Horror,2010,137,2.3,Javier,Bardem,20,80
Aliquid repellat.,Comedy,2001,92,3.5,Meryl,Streep,1,16
Rerum nulla animi.,Thriller,2003,130,1.4,Marion,Cotillard,19,75
Iure ipsum.,Sci-Fi,2009,113,2.0,Christian,Bale,6,100
Totam ea eaque.,Action,2003,152,1.3,Benedict,Cumberbatch,8,43
Iusto accusantium cum.,Comedy,2013,122,1.3,Al,Pacino,4,66
Sunt porro consequatur.,Drama,2003,99,4.9,Ryan,Gosling,15,56
Consequatur culpa rerum veritatis.,Thriller,1996,76,3.8,Timothée,Chalamet,18,46
Eius.,Sci-Fi,2010,135,2.0,Cate,Blanchett,17,68
Nobis nulla.,Horror,2017,116,1.1,Denzel,Washington,2,99
Beatae recusandae dolore.,Comedy,1994,124,3.6,Gary,Oldman,9,49
Eos voluptatibus nemo.,Comedy,1994,162,2.7,Evanna,Lynch,12,53
Facere sint beatae.,Sci-Fi,1992,66,3.6,Cate,Blanchett,17,92
Delectus adipisci.,Action,2003,104,3.4,Javier,Bardem,20,48
Voluptate porro.,Comedy,2016,96,3.3,Marion,Cotillard,19,45
Dolorum enim.,Thriller,2019,63,4.7,Saoirse,Ronan,11,41
Temporibus repudiandae.,Sci-Fi,2004,162,4.1,Morgan,Freeman,5,40
Ex fugiat asperiores.,Comedy,2004,131,1.2,Javier,Bardem,20,73
A.,Comedy,2005,79,4.4,Cate,Blanchett,17,39
Quidem perferendis alias.,Sci-Fi,2022,173,3.0,Saoirse,Ronan,11,82
Voluptas quisquam.,Drama,2003,139,3.9,Brendan,Gleeson,13,6
Non dolorem reprehenderit.,Horror,2011,101,1.9,Gary,Oldman,9,84
Magnam praesentium.,Drama,1994,75,2.9,Tilda,Swinton,10,82
Ipsam autem atque.,Thriller,2012,169,4.8,Cate,Blanchett,17,36
Voluptatum esse.,Horror,2003,62,4.6,Javier,Bardem,20,22
Optio.,Comedy,2006,115,2.3,Emma,Watson,7,20
Magnam eveniet praesentium.,Drama,2020,101,1.0,Saoirse,Ronan,11,94
Quo eveniet labore consequuntur.,Romance,2012,179,4.8,Benedict,Cumberbatch,8,54
Quos eaque.,Comedy,2015,168,2.3,Saoirse,Ronan,11,16
Molestiae exercitationem.,Romance,2023,72,4.4,Brendan,Gleeson,13,23
Ipsa deleniti enim.,Horror,2010,170,4.7,Meryl,Streep,1,49
Enim dolores.,Thriller,2003,161,2.7,Brendan,Gleeson,13,54
Asperiores omnis accusantium.,Horror,2016,146,1.9,Gary,Oldman,9,67
Corrupti accusamus iusto nihil.,Thriller,2026,85,4.0,Tilda,Swinton,10,79
Cupiditate esse sapiente hic.,Action,2013,65,1.4,Saoirse,Ronan,11,70
Eligendi fugit.,Sci-Fi,2016,150,2.4,Saoirse,Ronan,11,43
Veniam non odio.,Action,2005,131,4.6,Denzel,Washington,2,88
Distinctio velit.,Horror,2026,154,4.8,Tilda,Swinton,10,88
Quasi distinctio.,Action,1995,107,4.3,Cate,Blanchett,17,50
Dolorum eligendi.,Romance,2022,128,1.5,Morgan,Freeman,5,8
Numquam nemo sunt.,Action,2003,90,1.4,Saoirse,Ronan,11,2
Fugit ratione occaecati.,Sci-Fi,1993,139,1.9,Saoirse,Ronan,11,46
Corrupti.,Comedy,2023,115,4.0,Saoirse,Ronan,11,17
Aliquid explicabo id.,Romance,2010,70,1.3,Margot,Robbie,16,6
Labore non.,Sci-Fi,1994,116,1.3,Margot,Robbie,16,10
Ipsum quas labore.,Romance,1992,95,2.4,Javier,Bardem,20,48
Eum ipsum similique.,Drama,2015,71,4.0,Margot,Robbie,16,16
Deleniti facere.,Horror,2010,178,2.4,Cate,Blanchett,17,44
Quasi necessitatibus omnis.,Action,2026,91,4.2,Timothée,Chalamet,18,82
Id natus.,Action,1994,171,3.7,Evanna,Lynch,12,2
Illo hic nobis.,Thriller,1996,160,1.3,Cate,Blanchett,17,70
Sunt dolor.,Horror,1993,129,3.5,Cate,Blanchett,17,74
Veniam quidem est.,Romance,2007,164,5.0,Jack,Nicholson,3,65
Numquam.,Thriller,2009,76,2.8,Tilda,Swinton,10,11
Enim eaque consequatur.,Comedy,2011,80,3.1,Brendan,Gleeson,13,78
Possimus consectetur.,Comedy,2025,128,3.3,Brendan,Gleeson,13,85
Optio.,Romance,2000,99,1.9,Al,Pacino,4,24
Occaecati eos voluptatibus.,Sci-Fi,1991,108,1.7,Denzel,Washington,2,48
At accusamus.,Sci-Fi,1996,100,2.7,Saoirse,Ronan,11,34
Beatae facere.,Action,2013,75,4.2,Gary,Oldman,9,61
Accusantium quibusdam excepturi.,Drama,1994,144,1.2,Ryan,Gosling,15,15
Quod quam in consequatur.,Romance,2006,175,4.9,Gary,Oldman,9,17
Illo eaque similique.,Sci-Fi,2016,89,2.3,Margot,Robbie,16,59
Minus quasi incidunt.,Sci-Fi,2012,80,4.7,Brendan,Gleeson,13,77
Amet dolor neque eius.,Horror,2016,176,3.8,Jack,Nicholson,3,67
Cupiditate corporis maiores.,Romance,2001,113,3.0,Tilda,Swinton,10,92
Magnam molestiae.,Horror,1994,156,3.3,Saoirse,Ronan,11,46
Sint ex est.,Comedy,2010,96,4.9,Javier,Bardem,20,34
Dicta praesentium minima.,Horror,2010,107,1.6,Timothée,Chalamet,18,21
Minus rerum cupiditate.,Action,1990,143,2.5,Benedict,Cumberbatch,8,56
Modi.,Drama,2023,180,3.1,Evanna,Lynch,12,10
Repellendus quam numquam.,Sci-Fi,1990,106,4.3,Cate,Blanchett,17,55
Exercitationem illum commodi.,Drama,2026,143,2.0,Margot,Robbie,16,34
Ullam.,Sci-Fi,2026,71,5.0,Javier,Bardem,20,1
Dolore architecto.,Comedy,2004,92,3.2,Emma,Watson,7,83
Voluptate esse tempore.,Romance,2025,128,4.2,Evanna,Lynch,12,78
Cum fuga provident optio.,Sci-Fi,1994,67,3.5,Marion,Cotillard,19,99
Et quibusdam sunt.,Horror,2023,128,3.8,Javier,Bardem,20,80
Nemo ipsa.,Thriller,2000,138,3.0,Ryan,Gosling,15,42
Omnis commodi corrupti aliquam.,Sci-Fi,2015,82,3.2,Morgan,Freeman,5,41
Dicta incidunt impedit.,Drama,2007,172,4.6,Christian,Bale,6,63
Excepturi totam quod.,Horror,2002,132,1.3,Saoirse,Ronan,11,81
Hic adipisci.,Horror,2010,120,2.6,Javier,Bardem,20,74
Soluta atque maiores.,Thriller,2016,135,4.3,Denzel,Washington,2,17
Ab distinctio.,Action,2002,125,2.6,Meryl,Streep,1,80
Aliquid.,Romance,1999,136,3.5,Ryan,Gosling,15,47
Labore vel et.,Horror,2003,139,3.3,Saoirse,Ronan,11,79
Laboriosam.,Action,2002,134,2.3,Gary,Oldman,9,28
Fugit corrupti numquam.,Sci-Fi,1994,131,1.8,Meryl,Streep,1,64
Voluptate.,Action,2000,85,1.6,Morgan,Freeman,5,93
Magni a eveniet tempora.,Drama,2015,143,1.7,Ryan,Gosling,15,32
Ducimus.,Comedy,1994,155,3.2,Christian,Bale,6,76
Reiciendis dolorem.,Drama,1991,154,4.1,Ryan,Gosling,15,69
Commodi explicabo quo distinctio.,Horror,1995,79,3.6,Brendan,Gleeson,13,43
Aliquid recusandae labore.,Comedy,1998,63,1.8,Morgan,Freeman,5,8
Dolor dolore.,Horror,2003,106,3.7,Brendan,Gleeson,13,15
Alias cum beatae.,Thriller,2001,166,3.3,Cate,Blanchett,17,30
Eveniet tempora fugit.,Drama,2001,175,3.2,Al,Pacino,4,71
Quasi.,Comedy,2011,152,4.0,Saoirse,Ronan,11,89
Inventore est laborum.,Horror,1990,170,3.9,Morgan,Freeman,5,87
Excepturi recusandae.,Comedy,2009,81,4.6,Gary,Oldman,9,99
Odit pariatur necessitatibus.,Thriller,1990,179,3.2,Al,Pacino,4,88
Praesentium iure.,Action,2013,114,2.2,Cate,Blanchett,17,66
Id excepturi quisquam.,Romance,1994,155,2.3,Benedict,Cumberbatch,8,1
Consectetur eum id.,Horror,1993,162,1.2,Tilda,Swinton,10,69
Maiores aspernatur iste.,Horror,1999,80,3.0,Margot,Robbie,16,72
Debitis voluptatem doloremque.,Thriller,1995,63,2.3,Emma,Watson,7,43
Libero eligendi maiores.,Horror,1992,176,2.3,Cate,Blanchett,17,90
Autem alias.,Horror,2015,93,1.0,Al,Pacino,4,100
Libero.,Comedy,2014,156,3.1,Marion,Cotillard,19,52
Distinctio unde asperiores.,Sci-Fi,2022,72,3.9,Jack,Nicholson,3,11
Atque libero sequi.,Comedy,2018,175,2.7,Evanna,Lynch,12,88
Ratione corrupti fuga.,Romance,2005,93,4.1,Gary,Oldman,9,85
Eveniet non sapiente minima.,Thriller,2003,91,1.4,Ryan,Gosling,15,19
Impedit vero earum.,Comedy,1999,126,1.0,Gary,Oldman,9,96
Cumque.,Thriller,1990,154,1.8,Benedict,Cumberbatch,8,51
Accusamus commodi rerum.,Drama,2004,71,4.4,Al,Pacino,4,30
Saepe temporibus dolorum.,Thriller,1995,68,1.6,Benedict,Cumberbatch,8,81
Voluptates aut laudantium.,Drama,1991,156,2.9,Saoirse,Ronan,11,53
Pariatur aspernatur.,Horror,2004,155,1.6,Christian,Bale,6,49
Sequi tempora.,Horror,2014,167,2.1,Al,Pacino,4,46
Repellendus at.,Thriller,2024,168,3.2,Emma,Watson,7,58
Nesciunt.,Comedy,1996,102,4.4,Morgan,Freeman,5,8
Rerum voluptas facilis.,Thriller,2013,120,4.8,Jack,Nicholson,3,47
Corrupti neque voluptates.,Action,2001,115,2.5,Morgan,Freeman,5,68
Ab consectetur.,Action,1992,175,4.7,Saoirse,Ronan,11,36
Numquam neque.,Horror,2025,171,1.0,Margot,Robbie,16,29
Asperiores error ut animi.,Horror,1990,120,1.6,Saoirse,Ronan,11,49
Occaecati voluptas quaerat.,Drama,1995,110,4.1,Cate,Blanchett,17,96
Quia quibusdam aspernatur.,Thriller,2006,91,2.8,Saoirse,Ronan,11,83
Provident ipsa.,Comedy,1996,111,2.8,Emma,Watson,7,6
Incidunt suscipit.,Thriller,1992,159,3.4,Benedict,Cumberbatch,8,98
Laborum vel culpa ipsa.,Action,2014,114,1.1,Denzel,Washington,2,78
Ullam amet nam.,Thriller,2024,92,2.1,Denzel,Washington,2,72
Debitis.,Drama,1998,83,2.2,Benedict,Cumberbatch,8,66
Natus neque.,Thriller,2010,144,4.1,Marion,Cotillard,19,82
Et.,Drama,2020,170,4.0,Christian,Bale,6,31
Explicabo sapiente ratione.,Thriller,2020,137,2.7,Christian,Bale,6,3
Maxime dolor.,Sci-Fi,2018,62,2.9,Morgan,Freeman,5,20
Debitis sequi.,Sci-Fi,2021,165,2.3,Jack,Nicholson,3,68
Magni est occaecati.,Comedy,1996,61,1.0,Al,Pacino,4,95
Sint beatae reiciendis.,Romance,2012,156,3.6,Benedict,Cumberbatch,8,87
Assumenda neque.,Drama,2014,167,3.7,Tilda,Swinton,10,28
Quaerat sint.,Comedy,1997,134,2.5,Benedict,Cumberbatch,8,54
Nemo corrupti necessitatibus.,Action,1993,159,4.9,Cate,Blanchett,17,42
Ducimus dolore.,Thriller,2012,71,2.4,Denzel,Washington,2,16
Laudantium aut.,Comedy,2010,70,5.0,Marion,Cotillard,19,58
Aliquam ipsam illum.,Romance,2003,136,4.9,Morgan,Freeman,5,56
Tenetur earum exercitationem.,Thriller,2021,136,1.1,Tilda,Swinton,10,26
Temporibus corporis.,Horror,1994,97,4.8,Javier,Bardem,20,67
Nemo molestias dignissimos.,Comedy,1993,115,2.4,Evanna,Lynch,12,29
Velit laboriosam quidem.,Horror,1993,129,1.9,Denzel,Washington,2,94
Hic excepturi fugit.,Comedy,1998,64,3.3,Timothée,Chalamet,18,71
Veritatis accusamus rerum.,Thriller,2004,173,4.0,Margot,Robbie,16,50
Quidem dolorem.,Drama,1993,172,1.6,Timothée,Chalamet,18,2
Nemo est pariatur.,Comedy,1998,80,5.0,Marion,Cotillard,19,95
Maiores praesentium.,Action,1997,127,3.8,Saoirse,Ronan,11,28
Incidunt quam.,Sci-Fi,2002,101,4.5,Christian,Bale,6,80
Praesentium architecto.,Thriller,2015,152,4.2,Al,Pacino,4,23
Eveniet deleniti.,Thriller,2024,102,3.8,Saoirse,Ronan,11,48
Reiciendis repellat.,Sci-Fi,2001,137,4.2,Christian,Bale,6,18
Iusto est minus.,Comedy,2002,77,3.7,Timothée,Chalamet,18,72
Unde magni.,Drama,1994,126,3.4,Marion,Cotillard,19,11
Earum delectus illum.,Thriller,2011,95,2.7,Margot,Robbie,16,94
Assumenda aliquid.,Drama,2018,113,2.2,Jack,Nicholson,3,22
Occaecati ipsum eum.,Horror,2016,107,3.0,Christian,Bale,6,4
Necessitatibus nisi distinctio.,Horror,1998,138,4.9,Al,Pacino,4,42
Temporibus esse quis.,Drama,2019,90,3.4,Javier,Bardem,20,21
Asperiores dolor.,Horror,1992,124,2.0,Emma,Watson,7,17
Autem illo.,Thriller,1991,155,2.7,Marion,Cotillard,19,71
Facere itaque.,Sci-Fi,2024,60,4.6,Tilda,Swinton,10,86
Dicta quidem.,Action,2019,108,4.4,Jack,Nicholson,3,37
Non vitae nostrum.,Romance,1999,93,1.3,Benedict,Cumberbatch,8,45
Ipsum magnam expedita.,Thriller,2005,67,4.3,Javier,Bardem,20,17
Asperiores placeat.,Drama,2013,129,3.5,Christian,Bale,6,92
Libero rerum.,Thriller,2024,62,4.2,Morgan,Freeman,5,11
Repudiandae omnis repudiandae.,Drama,2007,84,4.1,Cate,Blanchett,17,16
Neque pariatur eveniet.,Thriller,2003,108,1.5,Timothée,Chalamet,18,36
Mollitia animi.,Drama,2002,101,2.4,Gary,Oldman,9,63
Accusamus molestias doloremque non.,Romance,2010,172,2.8,Evanna,Lynch,12,25
Repudiandae saepe pariatur.,Action,2000,149,1.6,Cate,Blanchett,17,55
Molestias.,Horror,2007,73,3.2,Brendan,Gleeson,13,52
Ipsum nulla.,Drama,2002,114,1.6,Saoirse,Ronan,11,32
Natus consequatur assumenda.,Sci-Fi,2015,122,4.3,Jack,Nicholson,3,34
Doloribus voluptatum.,Action,1999,160,2.1,Timothée,Chalamet,18,30
Ipsum repudiandae nulla.,Action,2021,130,3.0,Saoirse,Ronan,11,81
Consequuntur quas.,Sci-Fi,1998,167,3.4,Shannan,McQueen,39,58
Blanditiis deserunt temporibus.,Sci-Fi,2024,64,1.7,Abbie,Woods,57,38
Culpa.,Sci-Fi,2015,143,2.9,Kurt,MacNulty,27,66
Dolores eum.,Action,1996,64,2.6,Cailin,McGarraghy,95,54
Occaecati occaecati.,Action,1992,158,4.4,Shauna,Kerin,40,44
Commodi perspiciatis.,Drama,1995,128,2.6,Deaglan,Small,64,61
Officiis expedita.,Romance,1999,130,2.9,Tristan,O'Flynn,94,2
Minima placeat.,Drama,2008,102,4.1,Sabrina,Henebry,42,72
Expedita nesciunt.,Romance,1997,100,2.9,Samuel,Rourke,38,52
Quis quasi.,Comedy,2009,89,2.1,Fionntan,MacGee,34,63
Molestias fugiat.,Horror,1994,82,4.7,Amber,Toolan,25,10
Quo tempora quod.,Action,2026,83,4.6,Katrina,Bonar,54,42
Culpa cumque.,Drama,2019,95,4.2,Bernadette,McGonagle,42,87
Illo debitis.,Horror,2019,125,1.8,Samuel,Sears,61,59
Doloribus ipsum.,Sci-Fi,2012,151,2.5,Alannah,Mehigan,94,40
Dolore iste.,Thriller,2020,163,3.5,Saul,Gillespie,30,71
Tempore dicta magnam et.,Drama,2017,102,3.5,Russell,O'Shaughnessy,36,24
Reprehenderit dolores provident.,Comedy,2024,176,1.7,Eoghan,Sheridan,26,42
Dolores repellendus accusamus.,Comedy,2002,113,4.4,Zara,MacHenry,38,87
Officiis.,Action,2013,103,1.0,Jane,Humphreys,67,9
Vitae quis.,Drama,2002,130,3.0,Cassandra,Saors,24,28
Necessitatibus iusto.,Comedy,2012,165,2.5,Gabrielle,Lenihan,43,44
Consequatur debitis tempore.,Thriller,1997,180,3.0,Lucinda,McGivern,76,16
Sint sed.,Comedy,2024,156,2.6,Susan,Barry,43,72
Quia accusantium.,Sci-Fi,2019,107,1.3,Lucinda,Delap,49,49
Modi itaque.,Drama,2001,87,3.8,Deirbhile,O'Dowd,92,48
Saepe reiciendis harum.,Romance,1993,156,3.6,Dana,Beggs,34,94
Voluptas nam deserunt.,Drama,2010,151,4.8,Amanda,Farnan,33,13
Quisquam debitis.,Comedy,2019,101,1.4,Jayde,Ronayne,31,14
Numquam.,Horror,2001,85,4.9,Omar,Killoughry,29,28
Minima non.,Comedy,2010,110,4.6,Colum,Rogerson,28,49
Expedita sunt dolores.,Action,2018,99,3.4,Jennifer,Reavy,33,57
Enim facilis doloremque aliquid.,Drama,2009,156,4.9,Nikita,McGalligly,70,41
Ipsa reiciendis.,Romance,2007,151,3.5,Bronach,McGuirl,87,71
Tempore assumenda debitis.,Thriller,2008,165,3.1,Jarlath,Byrne,28,43
Ullam facilis vitae.,Romance,2009,93,2.8,Charlie,McGlinchy,85,31
Labore excepturi voluptate.,Thriller,2025,105,3.6,Sarah-Jane,McCardle,52,49
Omnis nemo et.,Sci-Fi,1995,147,1.1,Kurt,Sweeny,64,37
Quod ullam.,Action,1995,68,3.3,Fergal,Loghan,35,67
Commodi doloremque numquam.,Comedy,2005,66,1.8,Dearbhla,O'Hare,68,28
Delectus eius quae.,Action,2010,172,2.8,Patrick,McColgan,24,69
Vel impedit.,Drama,2022,104,2.8,Naoimh,Coen,65,99
Odio minus.,Sci-Fi,1994,129,2.4,Padraic,Faull,35,1
Veritatis assumenda tempora.,Action,2000,137,3.2,Nathan,Moody,55,96
Hic praesentium nam laudantium.,Sci-Fi,2015,163,1.9,Siofra,Markey,74,65
Modi quos veritatis.,Romance,2011,84,1.1,Padraic,O'Hara,55,25
Possimus sit.,Horror,2021,152,2.4,Sarah,McCauley,46,83
Occaecati earum.,Sci-Fi,2004,107,3.8,Charlotte,Shanahan,87,85
Voluptatum labore.,Action,2007,92,3.4,Clara,MacAleavy,84,98
Vitae illo consequatur.,Comedy,1994,128,3.5,Jamie-Leigh,Caldwell,83,71
Labore in quae.,Drama,2016,169,2.6,Christina,Magan,77,59
Vitae occaecati.,Comedy,2008,118,1.3,James,Murphy,89,55
Laboriosam nisi.,Comedy,1994,165,5.0,Charlie,Cronly,35,72
Laboriosam porro neque.,Romance,2001,174,2.0,Lyndsey,Lillis,45,47
Impedit aperiam.,Sci-Fi,2017,125,1.0,Sheree,Mansell,52,3
Fugit eius.,Drama,1999,67,2.7,Julia,Randles,27,25
Consectetur doloribus.,Sci-Fi,2014,63,1.4,Tristan,Fearon,88,22
Nobis vel at.,Thriller,2014,124,4.0,Leanne,McCafferty,52,93
Vitae itaque quaerat hic.,Sci-Fi,1995,129,3.3,Matthew,Rogers,59,18
Veritatis.,Drama,2006,76,3.4,Aine,Kirke,74,94
Distinctio nam eligendi.,Thriller,2010,129,2.6,Ciarrai,Coogan,31,46
Ut ipsum consequatur.,Drama,2001,109,3.6,Nigel,Ferriter,92,57
A.,Drama,1997,84,2.8,Jamie,Guinnane,32,22
Sapiente non.,Horror,2008,78,1.5,Molly,Monaghan,43,50
Rem eum.,Action,2014,134,2.2,Taylor,Breen,98,35
Minima voluptates tempora.,Drama,2003,125,1.0,Samantha,Gillan,21,80
Cumque ducimus voluptatum unde.,Comedy,2008,66,1.1,Curtis,Walter,66,97
Amet iusto fuga.,Thriller,2021,126,3.3,Joe,Classon,41,63
Blanditiis fuga.,Drama,1997,177,4.9,Simon,Magauran,30,29
Praesentium odit.,Romance,2021,158,2.1,Leah,Lynn,26,90
Ad officia numquam.,Drama,2016,65,3.2,John,Nestor,66,13
Recusandae omnis vero.,Comedy,2006,98,4.2,Adrian,Dean,32,79
Odio architecto.,Comedy,2016,98,2.2,Regan,MacMorrow,77,9
Aperiam quis.,Comedy,1993,79,2.8,Katie,Walsh,55,26
Laudantium veritatis.,Romance,2019,103,3.0,Tonicha,Farrelly,72,44
Neque delectus a.,Comedy,2008,73,4.1,Tristan,Dorrian,38,90
Nemo iure blanditiis.,Drama,2026,118,2.6,Abbi,McGough,91,18
Iure reiciendis.,Drama,1991,102,3.1,Alex,Mullooly,58,55
Expedita ipsam.,Romance,2006,115,2.3,Francis,McGettigan,78,82
Nihil corporis.,Comedy,2007,82,3.2,Francesca,McAloon,42,28
Placeat quis nobis.,Horror,2013,168,1.4,Alanis,Casey,82,70
Recusandae atque hic.,Action,2016,151,4.8,Tia,Kilroe,92,33
Doloremque ut culpa.,Sci-Fi,2026,162,3.7,Constance,Murnane,99,97
Reiciendis a rem.,Action,2001,75,4.1,Rian,Kenny,95,43
Libero reprehenderit impedit.,Drama,2026,105,1.1,Shona,Tohall,38,49
Mollitia architecto quibusdam.,Drama,2001,91,2.7,Geoffrey,Greaney,90,23
Fuga consectetur.,Horror,2011,163,1.7,Johanna,Dunford,98,66
Voluptates nesciunt eum.,Drama,2025,69,2.8,Saoirse,Sheane,83,28
Illo doloremque mollitia.,Romance,1995,169,2.1,Stuart,Lynchechaun,52,36
Nisi inventore soluta.,Thriller,2008,148,2.5,Constance,Corridan,47,14
Excepturi itaque officiis.,Thriller,1999,101,2.5,Ayesha,Tansey,61,20
Voluptate porro delectus.,Action,1993,116,2.4,Warren,Condron,94,67
Quis porro.,Horror,2004,76,2.3,Brendan,Taylor,74,60
Adipisci harum dolores soluta.,Horror,2018,101,2.5,Barry,Beresford,27,85
Officia.,Romance,2012,88,2.2,Kelsey,McManus,82,13
Quaerat amet.,Drama,2015,67,3.1,Richard,Haire,98,73
Earum impedit quo.,Romance,2019,164,4.1,Karl,McTernan,50,44
Id voluptatibus at.,Thriller,2015,77,4.7,Sasha,Connachton,98,92
Atque magni vitae.,Sci-Fi,2008,131,1.1,Ashley,Lenaghan,92,63
Cum ipsam.,Horror,2011,115,3.6,Susanna,Fannin,32,29
Temporibus soluta voluptatem.,Sci-Fi,2003,65,2.6,Kristin,Victory,52,39
Molestiae numquam cupiditate.,Horror,2024,152,4.4,Roseanna,Kenneally,81,5
Debitis occaecati fuga.,Romance,2000,118,4.9,Faye,McGlinchey,22,34
Perspiciatis quasi.,Sci-Fi,2022,125,4.3,Che,Sugrue,91,20
Deserunt incidunt nobis.,Horror,2006,115,1.2,Robert,Curneen,45,2
Perspiciatis animi temporibus.,Comedy,2023,120,3.8,Jordan,Richards,91,18
Deserunt architecto.,Action,1990,111,2.5,Joel,McCorkill,28,11
Aspernatur ipsum.,Drama,2000,123,1.7,Paul,May,61,98
Laboriosam possimus dolorum.,Romance,2001,162,2.4,Eileen,Dunleavey,88,47
Fugiat temporibus.,Sci-Fi,2010,85,1.3,Jason,Quigney,76,10
Nihil in.,Action,1996,137,3.6,Callum,Feighery,45,34
Voluptatum alias est.,Thriller,2021,100,1.5,Jolene,Levan,22,99
Distinctio exercitationem suscipit.,Romance,2018,143,1.3,Ebony,Cunnane,96,17
Quasi corrupti.,Drama,2010,147,3.4,Jackson,D'Arcy,35,46
Mollitia eveniet pariatur.,Drama,1997,172,3.7,Russell,Laverty,38,29
Qui voluptatem saepe.,Comedy,2008,158,3.2,Leo,MacDwyer,51,45
Autem harum.,Sci-Fi,2013,121,1.7,Lucas,Tehan,40,26
Omnis dolor.,Action,2018,61,4.8,Philip,Doorty,72,71
Recusandae nobis impedit.,Romance,2007,147,3.6,Beth,Sarsfield,98,6
Eos eum expedita.,Romance,2012,149,3.8,Conal,Casserly,47,48
Minus corrupti commodi dolor.,Drama,2009,85,2.5,Owen,Kerr,29,43
Odio accusamus et.,Action,1995,157,3.3,Phillip,Tobin,39,54
Neque atque quis.,Sci-Fi,2001,107,2.3,Rhiannon,Bird,82,74
Deleniti error possimus.,Drama,2004,64,4.1,Chantel,McLoon,37,18
Dolorum delectus.,Action,2014,147,3.0,Maria,Banville,27,77
Exercitationem ipsa.,Action,2005,86,3.7,Rhianna,Segerson,52,19
Vel facilis cupiditate praesentium.,Romance,1993,134,4.1,Darcy,Malley,88,39
Nobis voluptate hic.,Romance,2019,66,3.5,Cillian,Supple,45,43
Minus omnis consectetur.,Horror,2025,92,1.2,Logan,McInerney,71,29
Pariatur tenetur.,Action,1992,97,1.5,Josh,Houlihan,76,44
Odio quaerat.,Sci-Fi,2024,62,4.6,Cara,Finn,61,59
Odio recusandae.,Comedy,2014,86,1.8,Curtis,MacEver,44,41
Optio debitis perspiciatis.,Sci-Fi,2008,84,2.9,Jane,Garvin,59,58
Temporibus commodi.,Romance,2006,91,2.9,Albert,Leonard,74,70
Laborum molestiae aliquam.,Thriller,2006,87,3.3,Demi,Doolan,88,90
Nihil accusantium.,Action,2013,65,4.1,Hayleigh,Hare,92,94
Delectus natus fuga.,Horror,2006,105,2.6,Jena,Thom,59,4
Eos voluptatem laborum.,Horror,1998,138,4.1,Alannah,MacPhilbin,61,35
Blanditiis voluptates eum.,Action,2018,86,3.1,Cailin,Carrigan,90,67
Similique error inventore.,Thriller,2002,120,2.6,Bryony,Crinion,32,99
Dolorum amet temporibus.,Romance,1990,78,1.7,Tamara,McPartlon,37,44
Nesciunt maxime.,Romance,2018,157,3.7,Taylor,McGovern,99,81
In nisi.,Horror,1997,127,4.2,Nadia,Prendergast,53,94
Sequi consequatur.,Sci-Fi,2008,110,3.0,Frazer,Carey,47,72
Repellat aliquid occaecati.,Thriller,2008,139,2.6,Sean-Paul,Kehoe,100,24
Fuga a.,Horror,2000,94,1.1,Kevin,Lande,82,34
Ullam repellendus.,Romance,2013,62,1.3,Feargal,Dooey,47,54
Quam possimus animi.,Romance,2011,101,1.9,Samuel,Rooney,55,76
Soluta.,Action,2005,144,1.1,Kirstin,Kinner,91,85
Ipsum quasi.,Horror,2019,148,3.9,Alice,McGahey,83,50
Totam.,Comedy,2021,165,2.5,Ashling,Smullen,71,35
Praesentium hic.,Thriller,2013,142,4.8,Rachael,Brown,47,77
Error minima consequatur.,Action,2020,169,2.9,Martha,Bennett,23,6
Quo minus.,Sci-Fi,2005,104,4.2,Lesley,McCarron,87,70
Nesciunt laboriosam sint.,Sci-Fi,2014,166,4.6,Niall,Gilliland,81,78
Ad quod.,Romance,1996,146,1.2,Keeva,Bruen,65,54
Officia consequuntur.,Action,1992,135,2.6,Ciarrai,McEntaggart,84,25
Inventore repellat.,Action,2023,135,1.8,Darrell,Treacy,31,28
Reiciendis hic ducimus.,Romance,2026,148,1.8,Conchur,Lonergan,32,33
Illo nesciunt nesciunt.,Thriller,2020,134,1.4,Lana,McTeague,46,73
Sapiente.,Romance,1997,151,4.6,Ashleigh,Ingoldsby,91,12
Quae consequatur totam.,Drama,2022,123,1.3,Jane,Conaty,80,77
Provident qui officiis.,Action,2011,163,4.5,Dara,Coffey,22,51
Tempora dolores.,Thriller,2018,156,4.7,Jennifer,McKay,45,82
Vel laudantium.,Sci-Fi,2014,97,3.1,Seamus,McIlroy,26,10
Consequuntur nam vitae mollitia.,Thriller,1990,107,3.9,Sheree,Downes,63,25
A et.,Sci-Fi,2026,128,1.3,Sam,Molloy,52,61
Dolorum adipisci.,Horror,2026,155,4.6,Brittany,Loughry,68,36
Magni maxime voluptas.,Comedy,1992,88,4.4,Sarah,Coonan,70,39
Dolorem incidunt.,Romance,2002,153,4.5,Aoife,Bogan,75,36
Ipsum dolore dicta.,Horror,1993,75,4.2,Cailum,O'Toole,80,79
Dolorum incidunt perferendis.,Horror,2008,147,4.5,Dara,O'Sheil,27,75
Ut fugiat.,Action,1990,167,3.9,Cillian,MacConnaghy,91,8
Asperiores dolor.,Romance,2004,122,2.6,Sean,McHale,68,88
In pariatur et.,Sci-Fi,2023,100,3.8,Desmond,Marren,92,50
Reprehenderit fuga odio mollitia.,Romance,2014,147,2.0,Rhianna,Foy,67,31
Itaque cumque quaerat.,Horror,2001,167,2.9,Alicia,Conmy,60,11
Reiciendis a quo.,Horror,1992,75,1.6,Jody,Goulding,21,71
Dolor voluptas natus a.,Action,1997,175,2.9,Gemma,Connery,61,32
Ullam impedit hic.,Horror,2025,77,3.5,Maeve,McQuinn,90,95
Veniam voluptas nisi.,Romance,2011,110,3.2,Katie,Deacy,54,6
Et a.,Action,1991,73,1.2,Nathan,Bridge,22,61
Beatae eos.,Thriller,2024,159,1.2,Colm,O'Shea,90,18
Eaque recusandae eius.,Action,1998,87,3.3,Carly,Buttimore,53,88
Ab ad beatae.,Romance,1995,164,3.4,Karley,Crossan,26,10
Iste itaque.,Action,2000,80,2.8,Shanna,McCaffrey,64,18
Voluptatem ad.,Action,2021,159,4.3,Eimear,O'Goldrick,36,84
Repudiandae aliquam magni.,Horror,1993,131,4.8,Gemma,McHenry,52,80
Cum nobis quisquam.,Drama,2022,149,2.5,Kirsty,Ferry,22,36
Iure iusto autem.,Drama,2004,143,1.7,Alexandra,Mullen,96,12
Rerum quod quibusdam.,Comedy,2009,100,4.1,Meghan,Matthews,65,98
Dolores repudiandae.,Action,1993,175,4.0,Calum,Delahunty,53,87
Ad illum.,Romance,2016,63,4.7,Kirsten,Gavigan,96,44
Cum hic.,Sci-Fi,1994,117,2.2,Roise,Leech,45,34
Facere.,Horror,2004,179,4.1,Tess,MacFaull,83,45
Odio pariatur.,Horror,2022,144,2.1,Connie,Lafferty,98,20
Sint.,Drama,2001,153,2.9,Gary,Kerrisk,69,96
Cum quisquam.,Horror,2021,103,3.0,Padraigin,Duhig,28,40
Cum ipsa.,Romance,2021,116,3.5,Ian,McGillicuddy,36,92
Nihil esse nesciunt.,Horror,2005,71,4.8,Jenny,Sayers,67,76
Laudantium voluptatum.,Action,2015,162,1.8,Macauley,McAnulty,67,1
Voluptatem at molestias.,Romance,1990,101,2.5,Dearbhail,Kiniry,80,1
Quaerat.,Romance,2000,61,1.4,Eilis,McPolin,88,85
Dolores nihil.,Horror,2025,99,2.3,Euan,Morgan,23,44
Nostrum aperiam quaerat.,Comedy,2026,84,4.0,Kerrie,Nicholson,77,44
Saepe ad error nihil.,Drama,2015,71,3.4,Taylor,Sherry,93,18
Voluptatum nihil.,Horror,2007,113,2.8,Stacey,Bernard,84,17
Facilis odio.,Horror,2002,108,2.8,Michael,Derrig,79,84
Fugit deserunt repellat.,Drama,2018,90,4.7,Nicole,Conree,42,75
Aperiam sit assumenda.,Thriller,2016,90,3.3,Erin,McCarte,54,15
Earum quod id.,Romance,2010,154,4.1,Catherine,McSheehy,28,36
Officia quibusdam minima.,Drama,2015,84,2.6,Bronach,Lavin,77,34
Similique quas aspernatur.,Romance,1991,66,1.6,Tiegan,Furey,27,36
Culpa consequuntur similique.,Action,1999,165,1.1,Ross,Norry,53,30
Deleniti nisi rem.,Thriller,2005,89,3.0,Orlagh,Pringle,70,98
Reprehenderit necessitatibus tenetur.,Thriller,1991,63,1.6,Jane,Carlin,46,94
Nesciunt exercitationem nisi.,Sci-Fi,2017,103,2.9,Cara,Quinney,75,50
Esse vero dolorum.,Romance,1991,175,3.7,Kaitlyn,Birmingham,77,66
Totam neque neque odio.,Comedy,2014,75,4.0,Amanda,Kelvey,35,43
Saepe vel.,Comedy,2004,63,3.3,Piaras,Redmond,48,18
Cum temporibus alias consectetur.,Horror,1993,159,1.8,Raymond,Farragher,75,35
Corporis dicta.,Comedy,2020,177,4.7,Lucinda,Lyne,30,64
Sint.,Horror,1995,101,1.5,Callan,MacGill,79,1
Perferendis sed.,Comedy,2006,121,2.5,Caoilfhionn,Corry,73,16
Laboriosam fuga eligendi.,Drama,2020,109,4.5,Shanice,Hickey,83,19
Nulla voluptatem laboriosam mollitia.,Sci-Fi,2007,144,4.9,Laura,Conboy,92,11
Aut rerum.,Thriller,2014,140,3.4,Bethany,McAleer,28,25
Minus cupiditate.,Horror,1991,145,2.6,Adele,Fenton,32,19
Alias eaque.,Drama,1995,96,3.7,George,Howley,44,99
Maiores doloribus eaque libero.,Thriller,1993,175,2.2,Shanna,Stapleton,67,19
Quia eaque dolor ad.,Horror,2009,101,1.8,Gregory,Mulqueen,37,59
Blanditiis.,Drama,2009,81,3.0,Michelle,Merrigan,36,5
Voluptatem commodi facilis.,Action,2002,141,4.7,Courteney,Feely,84,77
Aspernatur iste.,Thriller,2013,80,4.0,Kurtis,Lydon,30,90
Nobis quasi.,Horror,2010,111,4.5,Lorna,Dowd,91,59
Quo vero numquam sapiente.,Drama,2022,88,3.4,Haley,Gilgunn,47,70
Nostrum soluta rem.,Comedy,1992,87,1.9,Manus,Sealy,40,2
Odio placeat ipsa.,Romance,2001,155,2.3,Malcolm,McCrossan,49,2
Ex nihil.,Sci-Fi,2013,133,3.8,Connie,McElwee,83,15
Ducimus sunt maiores quisquam.,Drama,2002,91,3.5,Eugene,Largey,82,35
Consequuntur vel.,Sci-Fi,1991,82,4.0,Justine,Heeney,31,43
Iste.,Thriller,1998,179,1.1,Caleb,Segersun,97,71
Quis aut.,Drama,2018,100,2.9,Tara,Hurd,40,6
Distinctio porro.,Thriller,2017,101,4.0,Darcy,Masterson,79,67
Sit rem corrupti magnam.,Thriller,2006,130,2.2,Alanis,Berney,32,25
Aliquam nisi debitis.,Comedy,2002,160,3.2,Kimberly,Leydon,32,66
Dignissimos fugit.,Action,2002,174,3.5,Dara,MacNamara,56,63
Fugiat iusto.,Sci-Fi,2017,172,4.8,Nicola,Noone,55,63
Consequatur qui molestiae minima.,Sci-Fi,2009,140,2.0,Stacey,Quinn,87,40
Eligendi quas.,Comedy,2000,83,1.4,Roberta,Donohoe,22,19
Pariatur delectus.,Action,2009,145,3.3,Janine,Lahey,78,3
Vel facere veniam.,Drama,2023,111,5.0,Anton,Hargadon,53,67
Recusandae.,Horror,2010,142,4.8,Naoimh,Kinsella,80,54
Recusandae totam.,Romance,2010,72,1.9,Erica,Beasty,50,8
Aliquid exercitationem.,Action,1994,179,5.0,Terri,Sheil,46,57
Molestias.,Romance,2021,103,3.4,Daryl,Mescall,68,73
Quaerat illum ipsam.,Sci-Fi,2016,129,2.6,Frances,McCaul,55,100
Praesentium tenetur.,Romance,2014,63,3.3,Stephen,Harty,91,32
Dolore aspernatur.,Thriller,2004,70,2.4,Roisin,O'Farrell,78,67
Accusantium impedit sequi ea.,Comedy,2021,169,4.3,Hayleigh,Leddin,49,38
Nostrum nemo.,Drama,2010,142,1.7,Sasha,Giblin,67,19
Officiis.,Romance,1997,143,1.4,Una,Diggins,58,24
Cum.,Horror,1995,148,1.6,Chris,Melody,65,95
Numquam id.,Thriller,2002,111,3.9,Ailis,Kangley,65,42
Et labore.,Horror,2007,155,1.6,Tyrone,Collen,66,48
Quis rem facere.,Thriller,2017,152,2.7,Christine,Fadian,97,71
Cumque id ab quia.,Action,2008,87,4.7,Keith,Crangle,64,57
Cum asperiores adipisci ea.,Comedy,2005,138,1.7,Selina,Philban,92,87
Modi debitis aspernatur.,Romance,2021,118,2.5,Mairtin,Gubain,87,15
Impedit.,Sci-Fi,1998,102,1.4,Courteney,Fitzpatrick,72,9
Quaerat eligendi inventore.,Drama,2011,129,3.2,Marco,Courcey,82,27
Doloribus adipisci eveniet.,Comedy,2006,120,4.4,Nathan,Keogh,87,44
Officia aperiam.,Thriller,2024,68,1.0,Eimear,Cumiskey,76,14
Ipsum architecto.,Comedy,2009,78,2.3,Jasmine,Guerin,73,83
Saepe rem.,Drama,2006,143,1.2,Rose,Devane,95,81
Aliquam ipsam.,Sci-Fi,2019,60,3.7,Caroline,Roach,96,86
Placeat nulla qui.,Thriller,2001,179,2.3,Eamon,Robeson,21,68
Aut ullam.,Sci-Fi,2024,68,3.6,Samuel,O'Dea,27,25
Voluptate quisquam.,Sci-Fi,2025,105,3.0,Dale,Mackle,90,39
Commodi.,Thriller,2013,176,3.8,Jonathan,Manahan,28,46
Voluptas expedita.,Romance,2025,147,1.5,Darren,Arthurs,47,89
Eaque ipsum culpa.,Horror,1992,134,3.6,Louise,Moore,73,80
Mollitia ullam distinctio.,Thriller,2013,85,1.6,Callum,Hyland,68,36
Totam dolorem iste.,Thriller,2025,85,3.1,Luke,Diver,47,29
Deleniti odio iusto.,Romance,2005,131,1.9,Dawn,Gallogly,56,98
Repellat repellendus error.,Romance,1996,107,3.2,Christie,Neelan,27,77
A aut.,Sci-Fi,1999,131,2.7,Robyn,Lehane,23,47
Vel repellat.,Thriller,2003,129,3.9,Eugene,McComiskey,81,93
Voluptatem illum.,Drama,2013,91,3.8,Kayleigh,Griffith,30,17
Accusamus ex.,Romance,1991,87,1.3,Lewis,Rhatigan,67,19
Fugit sint perspiciatis.,Drama,2004,81,3.0,Evelyn,Keoghan,53,60
Suscipit ex sed.,Romance,2002,131,3.6,Leigh,Nash,67,47
Earum.,Horror,1995,136,1.3,Travis,Dinneen,39,18
Nobis delectus dolorum.,Horror,2011,89,4.8,Lynsey,Drumm,63,84
Amet architecto.,Action,2002,84,2.3,Alannah,Logue,67,1
Sit officiis repellendus.,Thriller,2012,105,3.8,Colm,Lennon,78,64
Nobis.,Action,2006,172,4.8,Heather,Bowles,24,77
Fugiat reiciendis.,Sci-Fi,1994,141,1.3,Ross,O'Hanlon,40,23
Eveniet natus.,Comedy,2018,164,4.0,Beth,MacCool,66,45
Iure provident deserunt.,Thriller,2019,138,1.4,Carmel,Cauley,61,31
