seriesName,genre,releaseYear,actorFirstName,actorSurName,actor_id,rating,numberOfSeasons,director_id
Voluptatibus delectus amet consequatur.,Sci-Fi,1990,Carter,McCafferky,18,2.2,1,56
Molestias minima neque.,Romance,2009,Sarah-Louise,Hough,87,1.6,14,85
Error officia harum eos.,Romance,2002,Alannah,Manley,50,4.1,8,78
Aut recusandae.,Sci-Fi,1997,Brogan,Richey,10,2.9,14,20
Eius facilis repudiandae.,Romance,2015,Tiegan,Riordan,67,3.4,11,73
Ipsam nostrum necessitatibus.,Drama,2002,Shannan,Naughton,42,4.2,3,62
Nihil quod.,Action,2001,Iona,Quinney,99,2.4,13,63
Nemo itaque.,Thriller,2026,Zach,Manning,57,2.3,4,62
Consequuntur soluta reiciendis.,Sci-Fi,2007,Ian,Haire,89,4.1,14,8
Adipisci necessitatibus.,Action,1993,Chelsey,Leddy,48,2.8,13,100
Recusandae exercitationem.,Drama,2019,Orfhlaith,McLean,72,1.4,5,87
Nobis esse.,Drama,1994,Nichola,Reen,9,2.5,5,100
Possimus impedit ab.,Romance,2004,Rachelle,MacVeigh,12,1.9,2,62
Veniam voluptas alias.,Thriller,2007,Tobias,Hennigan,12,4.8,6,24
Provident odit.,Drama,2011,Jared,Foley,89,4.8,12,84
Quam itaque quisquam.,Comedy,2006,Rebecca,Coyle,10,3.5,9,3
Fugiat eum.,Sci-Fi,2011,Chantel,Canavan,12,4.1,12,90
Totam placeat.,Romance,1998,April,Mulrooney,70,1.6,5,26
Aliquid quia.,Sci-Fi,2010,Brett,Bandeville,41,1.7,14,2
Hic voluptatibus alias.,Thriller,1999,Daryl,Mehigan,43,4.6,13,44
Tenetur magnam.,Thriller,2019,Conall,Hillery,40,3.3,6,56
Voluptatibus reiciendis quos.,Romance,2000,Orla,Meldon,88,1.3,5,39
Nobis eligendi totam harum.,Comedy,2023,Claudia,Creed,47,2.9,2,55
Cumque consequuntur maiores.,Drama,2022,Robyn,Raftis,24,2.4,3,11
Ratione delectus.,Drama,2021,Gabriel,Landy,6,4.6,6,21
Officiis error.,Comedy,2004,Eadaoin,Deere,57,3.6,9,11
Labore laboriosam vero.,Thriller,2004,Kathleen,Kennedy,79,4.6,3,1
Quae consectetur.,Horror,2009,Oran,McHenry,2,4.0,15,85
Pariatur consectetur ducimus.,Drama,2003,Katelyn,Hegarty,50,1.7,6,93
Molestiae minus ea.,Thriller,2025,Lisa-Marie,McAndrew,74,2.4,14,60
Natus cumque modi.,Drama,2017,Padraigin,Kiely,72,2.5,1,57
Similique magnam aut.,Drama,1990,Jemma,Beal,91,5.0,8,78
Alias quidem corporis.,Action,2005,Eric,McCorley,48,1.6,13,69
Sint.,Sci-Fi,2012,Dawn,Sarsfield,89,4.7,9,91
Eius quia.,Romance,2000,Jolene,Dinan,68,3.7,3,91
Facilis itaque officiis mollitia.,Sci-Fi,2013,Selina,Madden,46,3.3,1,9
Nobis tempora.,Sci-Fi,2010,Arran,Merry,13,3.6,10,82
Deleniti natus.,Drama,2015,Blaine,Neehan,23,4.6,6,13
Ipsa quam omnis.,Comedy,2015,Georgina,Curnyn,12,4.0,7,6
Quaerat.,Comedy,2003,Daire,McCumiskey,50,3.1,5,88
Esse quis.,Horror,2012,Peadar,Deeley,1,3.1,13,59
Minus dolor iure.,Horror,2010,Kathleen,Fannon,48,3.0,10,41
Sed amet dolores.,Sci-Fi,2021,Eilish,Kilgallon,56,3.3,6,6
Fugiat facilis iusto.,Thriller,1990,Bailey,Cole,24,4.0,6,15
Reiciendis nihil.,Romance,2006,Taylor,Gillespie,84,3.7,4,41
Rerum fugiat.,Comedy,2015,Shona,Shiels,63,4.6,11,2
Nisi neque.,Romance,2002,Kirsty,Buttimer,26,1.2,15,95
Iure minus.,Romance,2005,Demi-Leigh,Dunford,60,4.4,1,7
Laboriosam iste ex.,Thriller,1999,Morgan,Flaherty,74,1.9,5,57
Pariatur ipsam.,Horror,1998,Lisa-Marie,Durrihy,23,3.9,5,22
Placeat deleniti.,Thriller,2002,Ruth,Toms,17,1.3,8,52
Quasi velit porro.,Sci-Fi,1991,Alanna,McGeown,51,3.7,1,8
Eaque consectetur.,Romance,2020,Kirstie,Garraghy,100,1.2,15,68
Ipsam.,Drama,2005,Demi-Leigh,Carty,100,3.9,10,78
Aut debitis est nostrum.,Drama,1992,Andrea,Flavin,21,3.8,4,20
Eaque labore porro rem.,Romance,2020,Lynda,Kilawee,31,3.8,2,39
Accusamus.,Thriller,2022,Lyndsey,Keehan,8,2.4,11,6
Architecto fugiat.,Thriller,2010,Sophie-Louise,MacNeela,34,2.2,9,85
Magnam ea voluptas.,Action,2015,Carla,Hardiman,87,3.8,9,96
Ratione atque atque.,Sci-Fi,2014,Kurt,McGruddie,10,4.1,1,44
Sapiente fugit illum.,Sci-Fi,2003,Jody,Shannon,68,4.5,7,76
Neque in.,Thriller,2023,Mary,Randles,77,4.5,7,50
Omnis error maiores.,Thriller,2004,Catriona,Heeney,66,2.5,11,11
Tenetur ratione consequuntur.,Action,1995,Natalie,Irvine,24,3.8,12,53
Quis soluta.,Drama,2014,Aideen,O'Leary,35,2.1,6,93
Pariatur sequi.,Action,2006,Una,Teahan,5,3.0,1,21
Repellat ex.,Action,2001,Tiffany,Rice,13,4.1,11,12
Reiciendis distinctio voluptatem ab.,Horror,2010,Reece,Downey,80,3.0,1,42
Hic quas quia.,Drama,2022,Holly,McCardle,79,4.9,8,85
Reprehenderit ab.,Horror,1993,Leigh,Scallon,51,4.3,7,89
Quae.,Romance,2020,Darrell,Denison,19,2.7,13,49
Ea nobis sequi.,Romance,2016,Sasha,Garry,16,2.2,13,70
Accusamus.,Horror,2019,Nicole,Meehan,42,1.6,4,7
Atque pariatur necessitatibus.,Comedy,2012,Ciaran,Doorty,66,1.9,8,85
Odit assumenda.,Action,2006,Kristin,MacDwyer,99,3.4,2,36
Perferendis odit nemo quia.,Horror,2024,Jessica,Mooney,47,1.8,13,8
Provident cumque.,Drama,2001,Christie,Hastie,46,4.4,7,36
Quasi.,Horror,1992,Cal,Boylan,7,2.6,5,61
Nostrum nisi in.,Thriller,2001,Padraic,Convey,94,1.4,6,84
Provident quo.,Comedy,2015,Blaine,McAtee,90,4.9,13,31
Inventore ratione vero occaecati.,Horror,1995,Heather,Keely,72,2.2,8,68
Recusandae nisi.,Romance,2022,Daire,O'Dea,9,5.0,8,2
Itaque nulla.,Horror,2007,Brian,Moriarty,17,3.7,9,15
Consequuntur.,Horror,2018,Shania,Crohan,27,3.0,2,83
Excepturi alias architecto.,Horror,2012,Amy-Leigh,McCartan,78,4.1,8,16
Ratione enim ipsa.,Sci-Fi,2003,Abigail,Dunphy,69,3.5,6,35
Ad nihil reiciendis.,Action,2008,Kristin,McArdle,36,1.2,11,8
Eos reiciendis nesciunt quos.,Drama,2005,Mark,Dennehy,25,3.0,12,61
Blanditiis ipsa.,Sci-Fi,2019,Kiera,MacMullen,28,3.6,15,93
Rerum explicabo quae dolores.,Comedy,2005,Claire,Poland,72,1.5,7,43
Eveniet et.,Romance,2005,Lorcan,McGowan,13,4.1,8,36
Est nisi.,Comedy,2008,Eamon,O'Shea,83,3.5,5,79
Commodi.,Romance,2005,Orlagh,Heelan,47,2.7,11,75
Inventore incidunt optio.,Sci-Fi,2025,Enda,Millet,46,3.4,11,66
Hic iusto.,Drama,1997,Carter,Clery,6,3.2,6,38
Eum quidem.,Romance,1998,Claire,Rodgers,51,2.2,13,27
Culpa necessitatibus.,Romance,2025,Eadaoin,Tynan,68,2.3,3,75
Distinctio labore reprehenderit.,Sci-Fi,2013,Seana,Mellet,35,1.3,15,14
Rem doloribus nemo repudiandae.,Romance,1993,Joseph,Finneran,62,4.9,1,71
Numquam repellat dolorem.,Romance,2006,Dearbhail,Hanratty,70,1.4,6,36
Molestias deleniti.,Horror,1994,Troy,Curtin,53,3.3,9,100
Dolores deleniti.,Thriller,2013,Jade,Deacon,62,4.8,14,31
Nulla dolores.,Horror,2003,Shanna,Cormack,100,2.5,8,24
Ipsa vero.,Drama,2011,Tiarna,Cormican,11,3.2,7,83
Omnis hic pariatur corporis.,Comedy,2019,Rhiannon,Kerney,53,4.7,6,29
Iste.,Romance,2022,Liam,Harty,46,3.1,12,79
Perferendis reiciendis quis.,Action,1990,India,Keeney,7,1.7,3,87
Quia corrupti.,Action,1990,Roseanna,Waters,92,4.9,9,32
Similique.,Horror,1999,Barry,Feehan,81,1.2,9,17
Vel natus.,Drama,2001,Clare,Lavan,15,1.2,6,3
Porro culpa sed.,Romance,1995,Mitchel,Kirke,7,2.6,2,94
Minima dolorem recusandae.,Sci-Fi,2006,Liam,Harnett,44,4.0,3,80
Maiores fugit.,Sci-Fi,1994,Holly,Callaghan,50,1.1,8,86
Voluptatem.,Thriller,2025,Omar,Devery,94,3.3,7,86
Dolore.,Romance,1996,Kristina,MacNamee,67,4.7,10,39
A iste culpa.,Romance,1997,Lewis,Peyton,71,4.4,7,18
Sit corporis.,Romance,2021,Chloe,Roche,69,2.3,7,42
Ab minima placeat.,Drama,2008,Grainne,Kerlin,85,1.3,1,37
Dolor explicabo ipsa.,Sci-Fi,2009,Emmett,O'Shaughnessy,100,1.3,2,35
Iusto reprehenderit occaecati.,Sci-Fi,2025,Simon,Sullivan,14,3.7,4,38
Numquam omnis alias.,Thriller,2017,Hayleigh,McGrenehan,65,4.0,10,63
Impedit minus facere.,Thriller,2017,Dylan,O'Bryen,85,4.4,11,3
Rem rerum.,Drama,2019,Tia,Flatley,73,3.1,10,25
Enim velit debitis.,Drama,2000,Corinne,Fielding,97,3.0,3,77
Eaque id nesciunt.,Thriller,2013,Desmond,Hanley,95,2.0,2,50
Ea repudiandae sapiente.,Horror,2019,Darren,Kinney,80,3.6,14,93
Necessitatibus reprehenderit deleniti.,Thriller,2007,Cillian,Whelan,85,4.8,15,61
Fugiat eaque cupiditate.,Sci-Fi,2011,Miriam,Callinan,12,2.3,4,85
Distinctio.,Drama,1992,Shania,Johnstone,45,4.2,4,42
Odit.,Romance,2018,Clodagh,Luddy,58,1.2,3,21
Consequuntur ab.,Drama,2000,George,Sayers,51,3.6,11,24
Iste temporibus.,Thriller,2014,Bronach,Gilmore,19,4.0,1,12
Dolor sapiente.,Action,2001,Elise,Stack,18,2.5,4,43
Aut debitis.,Drama,1990,Rhian,MacFall,67,2.9,15,89
Doloremque debitis.,Romance,2002,Leah,Owens,92,4.8,5,77
Cupiditate quae itaque.,Sci-Fi,1996,Corinne,Levan,56,1.2,8,66
Error assumenda repellat fugit.,Horror,1996,Conan,McGuirk,17,4.9,10,56
Delectus placeat.,Thriller,2024,Jenni,Garrahy,72,3.9,9,77
Ex nemo perferendis.,Horror,1996,Eve,Pigott,46,3.0,15,63
Corporis soluta ut.,Romance,1995,Fionnuala,McGoldrick,98,3.0,10,98
Quidem beatae ipsa.,Drama,1998,Charlene,Flannelly,3,4.6,4,77
Saepe libero.,Sci-Fi,1992,Taylor,Cousins,25,3.1,6,60
Veritatis.,Romance,2021,Tobias,Gillan,62,1.1,15,21
Error enim quidem.,Thriller,2002,Rhys,O'Toole,97,4.2,9,81
Cum mollitia.,Action,2023,Rosemary,Dever,26,4.6,5,64
Quasi velit sapiente.,Drama,2026,Madison,MacInerney,44,3.1,6,40
Inventore odit at modi.,Sci-Fi,2026,Brendan,Finan,64,2.0,4,72
Qui illo.,Thriller,2017,Caragh,McNevin,65,1.6,15,4
Ratione assumenda quaerat.,Romance,1992,Erin,McGalligly,64,2.5,3,3
Nihil rem ducimus.,Romance,2014,Rian,Jackson,63,3.0,15,88
Laboriosam dolore laborum.,Romance,2025,Tori,Clare,58,2.0,10,8
Nesciunt rerum esse aspernatur.,Drama,2013,Malachy,McElwaine,39,1.9,15,13
Possimus accusantium.,Sci-Fi,2025,Eleanor,Cowely,53,2.7,2,6
Culpa sint delectus.,Thriller,2006,Keely,Mulrain,32,1.7,6,56
Fugit ex.,Thriller,1993,Johanna,Conole,81,2.9,7,60
Rerum.,Thriller,1997,Daniel,Kilbane,4,4.3,8,52
Quasi quas.,Action,1995,Alister,Keady,94,2.2,9,57
Temporibus aut.,Drama,2016,Padraig,Sweeny,71,4.9,9,32
Architecto accusantium numquam.,Sci-Fi,1991,Caolain,Martin,48,1.4,10,82
Adipisci pariatur vitae.,Thriller,2015,Karen,Canny,15,1.2,7,22
Minima magnam.,Drama,2008,Ceara,Hagan,14,3.5,1,16
Unde sed.,Action,2023,Nadine,Hankard,66,2.0,7,89
Veritatis similique.,Romance,1997,Callum,Crosbie,76,1.4,7,44
Explicabo voluptatum debitis.,Drama,2026,Timothy,Timony,81,2.9,5,39
Asperiores.,Comedy,2012,Eimer,Ainsboro,98,1.6,11,65
Asperiores qui occaecati.,Drama,2013,Eden,O'Doherty,97,3.4,14,4
Fuga qui voluptatum.,Drama,2013,Micheala,Hanrahan,8,2.9,4,60
Sed vel.,Drama,2014,Brooke,Uniaque,19,1.3,8,85
Nihil ullam excepturi.,Comedy,1996,Caoimhin,Jennings,97,2.6,8,16
Illo assumenda quisquam dignissimos.,Drama,2002,Alastair,Curley,67,3.0,10,38
Sint.,Thriller,1990,Tanya,Crampsey,5,3.1,9,19
Accusamus.,Comedy,2005,Shanna,Cully,45,1.5,8,33
Praesentium minus.,Action,2021,Celine,Leen,60,1.5,9,30
Praesentium consequatur.,Horror,2025,Casey,Milligan,77,2.9,14,77
Earum.,Comedy,2025,Eva,Sheerin,7,4.3,6,40
Alias quae.,Romance,2003,Cathal,Carrig,10,4.0,15,63
Aperiam ut.,Comedy,2016,Enda,Phayre,24,1.7,15,41
Ratione est.,Action,2018,Lynsey,Gahan,32,3.0,11,7
Tempora fuga.,Action,1991,Carl,Leland,78,1.1,11,28
Quis sapiente iste.,Comedy,2011,Jeffrey,McNelis,16,4.9,4,77
Accusantium perferendis cum.,Drama,1992,Carolyn,MacNelis,99,2.2,5,22
Laudantium vitae.,Romance,1996,Morgan,MacAloon,36,2.0,7,93
Libero et temporibus.,Action,1999,Cianan,Kilkenny,49,1.4,1,7
Perferendis deserunt.,Horror,2009,Cahal,Fanning,35,1.0,13,7
Quos tenetur.,Romance,2023,Shannon,Cawley,33,2.4,7,16
Libero reprehenderit laboriosam facere.,Action,2019,Graeme,McKernon,25,3.5,14,52
Veniam animi.,Drama,2001,Theresa,Moloney,16,4.8,12,43
Earum reprehenderit.,Horror,2012,Ashling,Hughes,23,3.7,13,79
Id aperiam recusandae.,Action,2024,Elaine,Mulroy,29,2.7,9,17
Adipisci quidem doloremque.,Thriller,2005,Tamara,Doran,66,4.0,11,79
Dolore.,Horror,2011,Alastair,McKinney,86,4.0,13,81
Quia consequatur.,Thriller,1990,Emmet,Bann,70,4.4,4,63
Nostrum veniam nobis.,Drama,1990,Feargal,Gunn,80,3.5,11,13
Distinctio nostrum.,Sci-Fi,2019,Alexandra,Rynne,8,2.0,14,81
Velit tempora.,Romance,2002,Cory,Bruen,64,4.8,1,31
At ex.,Sci-Fi,1999,Keith,Scullion,84,3.1,14,46
Dicta mollitia.,Horror,2005,Shannan,McGowern,81,4.8,1,2
Nulla voluptatem quas.,Action,2000,Calvin,Merrigan,91,2.9,12,11
Praesentium.,Comedy,1990,Ryan,Connolly,64,3.1,5,36
Sed animi.,Thriller,1993,Seamus,Leacy,79,1.2,10,100
Eos minima.,Romance,2025,Toni,MacHenry,58,2.4,14,43
Inventore blanditiis suscipit a.,Comedy,2000,Breandan,MacDougall,20,2.9,6,55
Nihil rem.,Thriller,1993,Mark,Jameson,70,3.7,6,93
Optio nulla excepturi rem.,Sci-Fi,2009,Tory,Cleary,5,3.9,6,37
Numquam unde nihil.,Horror,1999,Evelyn,Mulqueen,86,2.7,15,82
Consequuntur aut sequi.,Comedy,2004,Annalise,Cody,86,1.6,5,98
Velit minima culpa.,Comedy,2001,Sinead,Nolan,15,3.1,4,85
Rem at.,Sci-Fi,2022,Feargal,Devitt,35,3.9,12,89
Delectus et numquam magnam.,Sci-Fi,2002,Dearbhla,Hosae,98,1.7,12,93
Eveniet dolore.,Thriller,2013,Ruari,Cohalan,35,4.7,7,18
Tenetur doloribus esse.,Drama,2000,Conrad,Markham,68,2.8,3,13
Vel cum.,Comedy,2007,Joe,Flood,87,1.7,6,24
Quas officiis unde hic.,Drama,2000,Tamara,Kealey,100,1.0,14,15
Officia nobis esse.,Action,1991,Henry,Fehan,31,1.1,15,43
Fugiat blanditiis similique.,Horror,2010,Graeme,Ivers,12,1.3,10,21
Rerum error autem.,Romance,1997,Taylor,McElnea,43,3.4,9,75
Animi cumque.,Drama,1997,Shauneen,O'Kane,42,3.8,1,60
Atque.,Thriller,2009,Orlagh,Barry,33,3.5,3,88
Eius non.,Drama,2003,Nora,Dunleavy,5,2.8,8,56
Voluptate veniam corrupti.,Thriller,1993,Leona,McFaull,28,2.1,4,54
Soluta maxime exercitationem.,Horror,2021,Fainche,Macmillan,55,4.7,8,24
Delectus ab voluptatem.,Sci-Fi,2021,Taylor,Brady,77,4.1,11,65
Eveniet dolorum.,Drama,2026,Ceara,Harte,81,1.4,13,75
Neque.,Sci-Fi,2018,Cliona,Keogan,80,3.6,4,91
Facere.,Sci-Fi,1999,Kyle,Dempsey,37,3.1,3,42
Hic ipsam.,Horror,2006,Seanan,Marron,68,1.3,7,26
Dolorum nemo.,Drama,2015,Orla,Comerford,59,2.6,14,30
Deserunt corrupti.,Horror,2023,Molly,Ruddy,44,1.8,4,24
Exercitationem accusantium dolorum.,Drama,2016,Eleanor,Maddy,17,3.3,1,79
Nisi nesciunt nulla.,Comedy,2023,Alex,Green,94,3.7,15,25
Pariatur repellendus.,Thriller,2002,Aoibhin,McGeehan,84,1.7,6,69
Quisquam aspernatur incidunt nulla.,Thriller,2005,Trevor,Bones,34,3.2,6,75
Omnis nihil illum.,Comedy,2022,Keri,Fenelon,71,4.9,1,55
Ab consequatur.,Romance,1998,Albert,Nicholls,42,3.6,5,77
Sint.,Thriller,1998,Mia,Weir,91,1.7,10,17
Ab omnis culpa.,Drama,1991,Rhiannon,Fitzmaurice,100,2.4,14,79
Culpa perferendis fugit animi.,Sci-Fi,2011,Arran,O'Bryan,53,4.3,1,38
Eveniet ipsa.,Drama,2011,Roy,Dunleavey,56,4.0,11,46
Quis harum.,Sci-Fi,2020,Katie-Louise,Cogan,69,3.4,1,64
Molestias tempore consequatur.,Romance,1991,Chloe,Biesty,99,4.5,1,69
Eius earum.,Sci-Fi,2013,Leah,Crilly,98,1.2,12,27
Pariatur exercitationem officiis.,Comedy,1995,Mitchell,Hartigan,48,1.8,2,92
Mollitia eveniet.,Comedy,1991,Cherith,Dorrian,15,3.7,15,67
Accusamus.,Sci-Fi,2003,Tiarna,Kevane,24,4.0,1,11
Minus.,Action,2019,Alistair,Clements,14,3.3,13,32
Impedit quasi.,Comedy,2023,Tobias,O'Hare,94,4.6,2,54
Beatae neque blanditiis.,Drama,2019,Josephine,Hargan,83,4.5,13,47
Suscipit natus eos.,Comedy,2009,Kerrie,Finnucane,27,2.5,10,28
Natus placeat.,Action,2008,Kelly-Marie,Ingoldsby,76,2.6,5,78
Explicabo omnis.,Thriller,2019,Victoria,Crinion,85,1.4,2,71
Quas voluptates delectus ut.,Horror,2019,Maria,Cunny,34,4.0,13,45
Unde facere veniam.,Comedy,2021,Ashlene,Reid,21,2.2,9,78
Culpa nemo.,Comedy,2005,Janice,O'Cleary,94,1.9,3,46
Alias minus.,Romance,1995,Taylor,MacAdoo,42,1.2,1,76
Autem tempore.,Horror,2016,Lloyd,Cormick,41,4.1,8,95
Totam porro natus.,Thriller,2012,Taylor,McHugh,5,3.1,3,67
Dolorum.,Comedy,2013,Kelvin,Davis,61,2.9,12,91
Nihil eveniet.,Action,1991,Troy,Quinlan,36,3.8,15,65
Temporibus blanditiis odit.,Drama,1996,Jordon,Fenning,16,3.3,12,89
Excepturi quas fugit.,Comedy,2002,Maria,McNamara,9,3.4,10,54
Iste rem.,Comedy,2004,Joseph,Ginnity,19,1.4,8,70
Eveniet debitis.,Thriller,1995,Justine,Macrea,61,3.7,1,21
Soluta minus beatae.,Romance,1990,Curtis,Uniacke,5,4.3,10,37
Cumque velit.,Drama,2014,Troy,McConnon,44,1.5,1,26
Nisi iusto mollitia.,Thriller,2020,Seana,Hinney,23,3.5,1,22
Veritatis placeat temporibus.,Sci-Fi,2000,Ben,O'Brassil,69,3.1,14,87
Recusandae quae.,Horror,1997,Cara,O'Brennan,80,1.1,14,41
Nesciunt similique.,Thriller,2014,Orlagh,Lennane,8,2.5,4,55
Ullam est.,Horror,1991,Eoin,Groogan,54,2.6,8,67
Perferendis fugit at.,Thriller,2016,Rachel,Lunham,81,3.6,4,89
Corrupti earum possimus.,Comedy,1993,Tiernan,King,71,2.4,4,75
Rerum deleniti necessitatibus quis.,Action,2013,Kirsty,Powell,1,5.0,6,80
Minus.,Romance,2003,Gabrielle,Cryan,38,1.4,10,45
Fuga illum inventore.,Romance,2025,Jordan,Devereux,35,2.5,6,21
Nam rerum voluptatem.,Drama,2017,Glenn,Shanahan,87,3.0,12,14
Quo dicta.,Comedy,2004,Steven,Magill,3,4.2,10,70
Nemo dicta quae.,Drama,1990,Lorcan,Leech,100,1.5,10,73
Neque voluptates impedit.,Comedy,2026,Gabrielle,McGrane,70,4.0,15,11
Ad.,Comedy,1996,Enya,Gerarghty,70,4.8,3,64
Enim amet dignissimos.,Comedy,2018,Janet,Brophy,46,3.1,5,6
Consequatur assumenda.,Horror,1990,Cailin,O'Kieve,52,3.9,2,29
Enim nisi quas.,Horror,1991,Robyn,Thom,33,2.5,14,21
Quod deserunt.,Action,2020,Amy-Leigh,Kangley,62,3.0,10,69
Animi incidunt quo.,Comedy,2018,Leanne,Setrick,15,1.6,1,28
Quisquam.,Thriller,1991,Codie,MacGloin,17,3.0,7,54
Cum necessitatibus aspernatur.,Drama,1999,Joanne,Landers,40,1.9,15,11
Unde expedita reiciendis rem.,Horror,2011,Aimee,Kane,6,1.0,15,62
Dolorem earum.,Action,2004,Nicole,MacPhilbin,45,2.8,11,83
Dolores sapiente impedit.,Comedy,2001,Lynda,O'Grady,44,2.9,10,79
Quia voluptate.,Action,2012,Duncan,Bennet,44,4.3,1,74
Veniam occaecati dolorem.,Thriller,2024,Patrick,Mullin,52,4.9,6,62
Aspernatur iure.,Action,2024,Orlaigh,Lucid,39,3.3,8,83
Eum enim perferendis.,Romance,2010,Bailie,Hannigan,59,1.7,6,4
Eius corrupti.,Drama,2008,Alexandria,Pender,47,4.5,11,20
Error.,Thriller,2018,Chelsea,Berry,11,3.0,14,49
Doloremque corporis modi.,Comedy,2008,Natalie,Fitzgibbons,45,2.4,7,81
Dicta dolores.,Thriller,2015,Mark,Mulgrew,25,4.2,4,68
Eius quidem officia.,Romance,2004,Travis,Crolly,89,4.6,1,18
Rem labore.,Horror,1996,Kieran,Fitzsimons,84,4.9,12,17
Officia minus.,Romance,1994,Jordon,Filban,69,1.7,2,7
Dicta repellendus ratione tempore.,Horror,1993,Peadar,McElhattin,14,4.9,10,76
Omnis aperiam cum.,Drama,2022,Laoise,O'Mahony,61,2.9,12,13
Alias iure quas.,Sci-Fi,2008,Darragh,O'Haughey,22,4.1,10,82
Eaque ex quasi iste.,Action,2008,Caroline,Patterson,35,4.7,13,67
Perferendis repellat molestiae.,Romance,2007,David,Curneen,79,1.4,15,88
Cupiditate sint.,Horror,2014,Thomas,Neary,74,3.1,14,31
Dicta ducimus incidunt commodi.,Thriller,2013,Aaron,MacKeown,22,2.3,4,1
Ducimus accusantium vel.,Horror,1994,Louise,Caddow,27,3.3,12,35
Laboriosam.,Sci-Fi,2002,Caolain,Quinny,44,4.3,5,20
Accusamus harum.,Horror,2000,Fionnuala,Markey,13,3.5,10,31
Distinctio eveniet.,Horror,1993,Kathryn,Wrenn,22,3.5,10,77
Occaecati.,Romance,2010,Jemma,Harrihy,96,4.2,2,51
Possimus quae impedit.,Action,2026,Stacey,Shea,97,2.2,15,95
Ipsam.,Drama,2006,Elliot,Coleman,42,2.7,4,27
Officia iste asperiores.,Thriller,2019,Naoise,Hanbury,91,4.0,11,45
Nesciunt quibusdam eaque.,Action,2016,Cora,Boner,47,3.9,4,95
Mollitia.,Action,1996,Jon,Murrihy,59,3.2,3,71
Voluptatum quo et.,Drama,2008,Rosie,Daniels,89,2.3,7,12
Provident excepturi nobis distinctio.,Comedy,2016,Orlaith,Walshe,95,3.7,10,8
Temporibus laboriosam exercitationem magnam.,Thriller,2008,Patricia,McCafferty,96,3.9,14,6
Assumenda aperiam necessitatibus.,Thriller,2021,Harvey,Heffernan,48,1.2,4,7
Quibusdam nesciunt.,Drama,2019,Calum,Carbery,52,1.8,14,27
Qui minima.,Action,1992,Gerard,Nary,89,4.1,6,29
Sunt eveniet eveniet minima.,Romance,2026,Rhian,Devlin,50,4.3,5,79
Quod quaerat error.,Action,2024,Tracey,Gillick,56,5.0,14,4
Quod necessitatibus.,Sci-Fi,1999,Celine,Meaney,23,1.5,4,87
Expedita pariatur.,Thriller,1991,Caomhan,Inglis,64,3.3,1,42
Cumque praesentium.,Action,2002,Tyler,O'Donovan,96,4.0,1,47
Labore ea debitis.,Romance,2008,Orfhlaith,Toal,91,1.7,10,68
Asperiores deleniti.,Action,2011,Breandan,Smythe,39,1.3,8,86
Repellendus soluta.,Thriller,2012,Eileen,O'Herlihy,25,4.7,4,11
Illo iste.,Thriller,2019,Lisa,Heaffy,1,2.2,9,39
Voluptatum itaque voluptatibus.,Drama,2005,Tiegan,Hatton,71,4.1,3,62
Pariatur dolores iusto.,Drama,1997,Connie,Phillips,77,1.2,6,6
Illo tenetur amet.,Drama,2015,Leona,Foran,44,4.2,15,58
Suscipit voluptatibus ad.,Horror,2006,Aedan,Furey,68,4.4,3,45
Quidem exercitationem.,Action,2018,Lois,Franklin,70,3.1,6,21
Iste inventore laborum.,Horror,2014,Fiona,Farrelly,63,3.4,14,94
Officia id suscipit.,Horror,2015,Naoise,Keevers,22,1.2,6,19
Nisi consectetur odio.,Comedy,1993,Lloyd,Howard,62,2.4,10,77
Praesentium exercitationem.,Action,1997,Lee,O'Gara,62,2.1,6,53
Possimus.,Thriller,2007,Daryl,Stephens,45,2.0,11,30
Reiciendis.,Drama,2006,Christine,Cox,3,4.0,2,11
Amet tenetur id.,Action,2005,Raymond,Forkin,62,2.1,3,88
Libero tenetur.,Comedy,2001,Aislinn,Beirn,12,3.2,3,71
Itaque animi.,Horror,1996,Zoe,Conaty,9,4.0,6,36
Minima totam.,Romance,1999,Jay,Sinnott,4,2.2,15,14
Mollitia nam.,Drama,2015,Eadaoin,O'Cadden,70,4.9,5,72
Non delectus voluptatem.,Drama,2003,Tory,Fair,96,4.7,12,85
Magni libero distinctio.,Thriller,1995,Elisha,Humphreys,41,3.9,9,80
Illo.,Sci-Fi,2008,Malachy,Hearty,64,3.9,14,99
In eveniet blanditiis.,Action,2014,Sarah,Scally,42,3.3,14,98
Ipsam quae.,Thriller,2015,Selina,McAnulty,17,3.5,1,99
Inventore consectetur pariatur.,Drama,2010,Ryan,McMonagle,21,2.0,1,8
Et minima illo enim.,Drama,2023,Caleb,Quinlivan,89,4.8,6,79
Aperiam dolore eius.,Sci-Fi,2000,Omar,MacDonnell,25,4.1,13,60
Qui ab.,Sci-Fi,2001,Seanan,Claffey,41,1.2,12,73
Maiores saepe.,Sci-Fi,2017,Ailis,McCrudden,52,3.8,6,52
Aperiam illum.,Drama,2023,Kathleen,Moran,98,3.1,10,72
Illum.,Thriller,2012,Seaneen,Morahan,17,2.0,11,97
Minima laudantium deleniti.,Sci-Fi,2001,Warren,Lindsay,96,4.7,14,50
Exercitationem perspiciatis eligendi.,Horror,2007,Dayna,McGarvey,11,4.5,15,34
Repellat provident.,Horror,1997,Elaine,Lacey,49,3.8,12,4
Tempora sequi soluta.,Action,2022,Aisling,Culloty,81,1.7,9,9
Fugiat omnis.,Horror,1990,Adele,Lande,35,4.1,12,85
Necessitatibus provident.,Thriller,1990,Aileen,Comisky,49,3.6,14,47
Officia rerum.,Horror,2017,Mollie,Moan,47,3.0,15,71
Deleniti maxime.,Comedy,1991,Thomas,Rabbitte,17,2.9,1,69
Mollitia quaerat quia.,Thriller,2024,Emmett,Torrence,25,3.9,13,95
Sed eligendi unde quisquam.,Thriller,1991,Nadia,Cregan,11,3.2,8,11
Qui veritatis.,Comedy,2009,Sharon,Kirwan,48,1.9,5,33
Nesciunt doloremque.,Comedy,2022,Michaela,McKeever,37,2.3,7,3
Voluptatem facilis.,Thriller,2005,Tiernan,McCormick,42,3.3,14,89
Laboriosam cumque.,Sci-Fi,1997,Jason,O'Cafferky,91,2.7,9,87
Cumque cum doloremque.,Drama,2006,Callan,Tansey,65,3.9,7,49
Quo ea aperiam.,Action,2000,Conrad,Patton,99,1.0,4,8
Earum et facilis.,Comedy,1993,Aiden,Regan,58,1.9,5,66
Eaque.,Sci-Fi,2020,Kirsten,McAleer,11,4.8,2,91
Nemo.,Horror,2022,Erica,Reynolds,58,4.7,10,57
Earum suscipit dolorum.,Comedy,1992,Tia,MacCartan,47,4.0,6,11
Natus.,Action,1999,Aoife,O'Keeffe,97,4.7,2,1
Dolor aliquam architecto.,Drama,2016,Fearghal,Sheane,40,2.3,5,56
Ipsa est aut.,Thriller,2017,Demi-Leigh,Gay,5,1.5,9,5
Excepturi perspiciatis.,Horror,2010,Oliver,Thompson,47,1.1,9,90
Amet saepe quos.,Sci-Fi,2016,Abby,Hedigan,92,4.7,5,26
Eos nihil.,Drama,1996,Cody,Early,3,4.6,14,2
Nostrum.,Thriller,2022,Jayde,Conboy,48,1.3,8,22
Aliquam voluptas.,Comedy,1995,Jaime,Kenna,61,4.6,9,32
Nisi dolores facilis.,Thriller,2007,Beth,Boles,63,2.1,3,82
Labore reiciendis vero.,Comedy,2016,Dairine,Hendry,38,2.8,2,96
Eaque iure praesentium.,Romance,2012,Neil,Conry,92,2.8,13,89
Perspiciatis alias cum.,Thriller,2022,Jack,McKnight,77,1.1,10,25
Perspiciatis explicabo.,Action,2019,Jayne,McCaughey,73,1.2,12,84
Aperiam corrupti.,Comedy,2000,Kaitlin,Hernon,15,4.0,7,56
Molestias porro illum.,Romance,1999,Euan,Annsboro,46,3.3,11,97
Facere atque.,Horror,2004,Shona,Duane,79,2.5,8,46
Perspiciatis voluptatum rerum.,Romance,2004,Nadine,MacWilliams,51,3.1,5,53
Illo accusamus numquam.,Thriller,2026,Harry,Monaghan,78,2.7,5,89
Assumenda ducimus eos.,Horror,2019,Caragh,McPhillips,33,4.1,8,3
Saepe ullam distinctio.,Drama,2014,Daire,Skehan,48,2.4,9,12
Distinctio fugiat.,Romance,1998,Tomas,Raol,78,1.6,15,17
Harum facilis.,Comedy,2024,Timothy,Cantwell,89,1.8,1,47
Numquam voluptate molestias.,Drama,2000,Zak,Heffron,57,3.2,2,91
Quo saepe perferendis.,Horror,1994,Elisha,Hyman,99,4.7,9,51
Eum adipisci.,Romance,2019,Claudia,Rudden,46,3.0,14,18
Veniam a unde.,Action,2016,Dara,McMorrow,9,2.6,14,84
Ad impedit sunt.,Horror,2015,Ashley,Bogan,96,3.9,15,73
Fugiat voluptas incidunt.,Thriller,2019,Daire,Tormay,79,2.0,7,40
Ratione a velit.,Drama,1996,Bethan,Cranly,81,4.1,7,55
Atque unde.,Thriller,2006,Demi,Currie,92,4.0,1,27
Rem maiores.,Comedy,2002,Deborah,Kilhooly,74,3.0,2,75
Vitae molestiae.,Horror,2008,Eloise,Mulligan,53,3.1,5,66
Dicta odit quis.,Romance,2016,Clifford,Hearn,93,3.1,4,19
Magni harum.,Thriller,2017,Alana,McGann,34,4.1,8,93
Necessitatibus doloribus reiciendis.,Horror,2020,Jasmin,Robinson,89,1.5,2,53
Necessitatibus.,Romance,2020,Maeve,O'Curry,28,4.8,1,97
Enim praesentium.,Sci-Fi,2009,Calum,MacNamara,8,2.8,11,96
Quis culpa.,Romance,2013,Rose,MacGill,59,1.9,4,16
Eligendi debitis optio.,Comedy,2003,Glenn,Slevin,70,3.5,14,88
Quibusdam optio.,Drama,2003,Keelan,Day,45,1.8,4,85
Voluptatem iusto explicabo.,Action,1997,Neil,McPolin,70,4.5,8,43
Cupiditate accusantium repellendus magni.,Thriller,2009,Malcolm,Fay,61,4.8,3,72
Nemo facere unde.,Action,2007,Aimee,Rohan,69,1.7,8,78
Corrupti nemo.,Sci-Fi,1991,Ciarrai,Colhoun,11,3.5,6,55
Omnis vitae.,Thriller,2023,Lucas,Concannon,61,3.1,6,77
Dicta recusandae.,Romance,2019,Leigh,Burton,93,3.4,1,83
Ab quas esse.,Romance,1995,Jenny,Haggerty,97,1.4,10,83
Excepturi earum iusto.,Thriller,2019,Caoimhin,Feeley,37,2.4,11,79
Qui dolores animi.,Horror,1990,Dale,Colum,91,3.8,9,1
Dolorem dignissimos laboriosam.,Action,1995,Katherine,Colly,62,2.4,2,86
Maiores id alias.,Romance,2026,Ayesha,O'Freil,85,2.7,3,49
Maiores soluta.,Comedy,2025,Susanna,Barrnette,36,1.3,13,37
Aspernatur voluptates ipsum.,Romance,1990,Leonie,McWalter,7,3.4,10,66
Asperiores soluta.,Horror,2026,Kaitlyn,Gloster,84,2.2,5,53
Maxime aliquam eius.,Comedy,2020,Fergus,Sheehan,73,3.4,12,33
Laborum officia.,Comedy,2004,Jamie,Sugrue,1,2.5,2,80
Delectus exercitationem ex.,Horror,2010,Lucas,Segersun,66,1.6,1,83
Reiciendis ipsum dolore.,Sci-Fi,1996,Olivia,Cummisky,15,1.4,7,7
Libero modi iusto.,Comedy,2019,Carolyn,Corridan,69,1.4,2,55
Quia.,Comedy,2018,Emma-Louise,Kinaghan,19,4.8,12,86
Aliquam dolore assumenda.,Sci-Fi,1994,Benjamin,Keyes,1,3.8,13,94
Labore odio.,Romance,2015,Reuben,McGruddy,38,4.2,5,77
Rerum debitis similique.,Horror,2002,Gordon,Ruane,90,4.8,7,10
Aut sapiente.,Horror,2020,Deborah,McGreal,74,2.2,4,17
Commodi iste neque.,Drama,2002,Eimer,Rhatigan,9,3.2,7,71
Laudantium quas.,Romance,1991,Max,McCurdy,39,1.9,7,94
Iusto vero soluta.,Comedy,2004,Jordan,Gillis,88,4.3,5,39
Veniam corrupti quaerat.,Romance,2013,Alastair,Colleran,93,1.4,5,53
Omnis doloribus eligendi.,Drama,1992,Tori,Loughran,65,3.8,7,30
Quia harum ducimus.,Romance,1995,Jon,Gibbon,21,5.0,5,32
Quas id doloribus.,Drama,2021,Joanna,Crampsie,84,3.0,9,26
Veniam maxime.,Romance,1992,Catherine,Keenahan,53,3.0,5,62
Ipsam placeat aut.,Romance,2009,Jennifer,Boyce,82,1.4,8,5
Fugiat laborum.,Drama,2020,Sara,Nicholson,95,4.4,11,31
Excepturi.,Comedy,2018,Victoria,Carleton,93,3.6,9,51
Reprehenderit dolorum cumque.,Horror,1993,Ben,O'Crohan,51,2.0,1,4
Blanditiis nobis.,Drama,1999,Nichole,Mulqueeny,18,3.3,1,28
Magnam non.,Horror,2020,Paul,MacGinnity,86,2.3,3,89
Aspernatur atque placeat.,Thriller,2012,Christian,Rails,99,5.0,10,20
Dolorum accusamus.,Romance,2006,India,McCrea,44,2.8,12,85
Minus incidunt.,Comedy,2012,Rowan,Toole,93,1.8,3,19
Fuga dolore.,Romance,2022,Jordan,Melia,91,4.7,14,85
Eveniet dolore praesentium.,Romance,2023,Shona,Garde,78,2.6,9,38
Similique.,Sci-Fi,2023,George,Madigan,64,1.8,13,42
Similique.,Romance,1995,Kealan,Fitzsimmons,93,4.5,2,98
Officia mollitia.,Thriller,2026,Deane,Curry,5,1.9,6,67
Commodi accusamus nulla suscipit.,Horror,2016,Jody,Heskin,38,4.3,2,95
Quos itaque quasi labore.,Action,1999,Charlie,Gallivan,33,3.8,13,93
Consectetur.,Drama,2024,Cherith,McGuire,9,3.8,11,59
Tempora eum.,Romance,2016,Josephine,O'Duffy,81,2.1,7,44
Vel iste ipsa.,Action,2016,Garrett,Landa,94,4.9,13,58
Laboriosam nesciunt.,Action,2009,Micheala,Nestor,60,4.0,6,36
Vel id.,Romance,2017,Logan,Farren,73,2.0,7,78
Placeat repellendus ratione.,Action,1996,Tracey,Divenney,67,3.0,11,29
Vel itaque veritatis.,Comedy,1993,Brooke,McCooey,62,3.9,5,50
Quasi dolore fugit est.,Horror,2001,Chloe,Gannon,94,1.5,2,39
Aut quibusdam ad.,Comedy,2009,Keri,Kerrisk,4,3.2,7,47
Libero eum.,Sci-Fi,1993,Faith,Fegan,66,3.9,8,12
Sed iste modi.,Sci-Fi,1990,Geraldine,McKeegan,21,2.3,8,41
Natus animi perspiciatis.,Thriller,2023,Declan,McMahon,42,4.7,7,57
Eveniet delectus.,Thriller,2022,Shelby,Keaveney,15,2.7,10,53
Molestiae.,Romance,1999,Caleb,Mulry,93,4.7,11,98
Veritatis laboriosam.,Romance,2026,Margaret,Cumiskey,61,4.3,1,75
Iste consequatur atque.,Romance,2018,Christie,McCay,70,4.8,4,58
Porro autem.,Sci-Fi,2020,Cody,Devenney,52,4.9,10,85
Fuga aspernatur.,Drama,1998,Sean,Leydon,68,4.6,10,14
Nesciunt at dolorum.,Romance,2023,Dearbhaile,Stuart,83,2.8,9,36
Nobis corporis inventore.,Comedy,1999,Carter,Timlin,30,4.5,11,31
Inventore nisi.,Comedy,2021,Chelsea,McEvaddy,54,2.6,1,88
Ipsa quisquam aspernatur.,Romance,2018,Aedan,Leddin,23,4.3,14,27
Libero minima soluta iure.,Sci-Fi,1990,Shauna,O'Farrell,53,3.6,12,87
A maxime amet.,Comedy,2014,Max,Conway,17,3.9,12,11
Consequatur esse in.,Sci-Fi,2017,Caragh,McVeigh,78,1.3,7,63
Aliquid molestias tempora.,Thriller,1992,Omar,Pinder,5,4.9,10,44
Nulla sapiente.,Action,2025,Tammy,McKee,93,3.6,8,71
Repudiandae totam.,Romance,2026,Stuart,Maher,54,4.9,15,36
Maxime delectus tenetur tenetur.,Drama,1992,Conal,Donagher,56,4.2,10,32
Optio nulla.,Sci-Fi,2006,April,Atkinson,96,2.9,7,9
Error eius voluptate.,Sci-Fi,2022,Jolene,Finnegan,86,1.5,14,23
Provident expedita perferendis.,Romance,1994,Denise,Egan,46,3.6,13,67
Doloremque quas.,Comedy,1999,Ciara,McLaughlin,90,2.5,2,34
Ex provident.,Horror,2022,Simone,Geany,33,3.9,15,45
Sit distinctio.,Horror,1999,Natalie,Burchill,43,2.0,11,32
Placeat eum adipisci.,Action,2011,Hannah,McNicholas,34,3.0,6,58
Molestias deleniti voluptatem.,Drama,1993,Brian,Weaver,72,2.7,7,26
Occaecati debitis distinctio.,Romance,2013,Glen,Irwin,45,4.3,14,94
Dicta ducimus officia quam.,Horror,2012,Carolyn,McEnry,24,3.5,5,50
Quo soluta neque molestias.,Sci-Fi,2020,Zach,O'Loughlin,32,3.3,6,87
Ipsa architecto.,Thriller,2019,Lauren,MacGee,94,3.5,4,99
Beatae expedita eum itaque.,Thriller,2010,Lucia,Ó Corra,78,4.2,6,27
Culpa nemo.,Romance,2025,Craig,O'Brazil,95,3.4,8,16
Doloribus quos.,Drama,1990,India,Padden,90,1.3,9,42
Quisquam vitae quas.,Thriller,2012,Cillian,MacGurk,12,4.2,6,97
Quis quis reiciendis.,Drama,2025,Arron,O'Reardon,57,4.1,7,35
Perspiciatis consequatur.,Romance,1990,Bradley,McIntyre,55,4.5,4,39
Cum atque occaecati.,Comedy,2000,Bronagh,O'Houlihan,65,2.1,8,22
Ut error.,Romance,2015,Eilis,O'Growney,74,3.2,4,75
Quod recusandae error dolore.,Thriller,2002,Sarah-Jane,McCumisky,26,3.5,7,53
Fugit temporibus pariatur.,Romance,2016,Haley,Walsh,70,1.8,11,40
Minus quisquam.,Drama,2011,Rosemary,Hollins,8,2.8,3,37
Ex cumque consectetur.,Comedy,2015,Conor,Dermott,60,1.4,11,89
Ipsum nisi.,Thriller,1998,Jamie,Johnston,48,2.1,2,3
Laudantium ullam.,Sci-Fi,2002,Shea,Carville,14,2.3,14,98
Facilis cum.,Horror,2008,Kerri,Canning,69,3.4,7,40
Nam ad.,Comedy,2017,Kate,Colley,29,2.6,2,4
Unde repellendus.,Sci-Fi,1997,Tristan,McGaw,99,4.2,6,45
Aperiam a.,Sci-Fi,1990,Cameron,Hallanan,97,1.9,12,69
Beatae quam expedita.,Action,2019,Tyrone,McAnally,79,3.1,4,25
Eum reprehenderit consequatur.,Action,1996,Claudia,Clinton,27,3.7,9,70
Neque quae.,Sci-Fi,2019,Shona,Earl,49,4.5,5,71
Unde impedit.,Comedy,2022,Tiernan,Nyhan,76,4.4,14,84
Magni excepturi quibusdam ab.,Action,2020,Tiarna,Kinnegan,17,1.3,15,18
Fugiat mollitia odio.,Sci-Fi,2015,Tomas,Duhig,50,5.0,2,11
Eaque dicta.,Drama,2023,Nikki,Dore,100,3.8,4,89
Blanditiis impedit quae.,Sci-Fi,2017,Aoibhin,Tuohy,91,2.0,15,16
Atque.,Sci-Fi,2008,Aoibhin,Williams,46,2.6,15,58
Laudantium ex vitae.,Thriller,1993,Finbar,Kieran,25,3.4,2,10
Aliquid assumenda.,Sci-Fi,2001,Evelyn,Fennelly,7,1.1,6,76
Officia.,Drama,1994,Meaghan,Gartlan,53,2.7,10,71
In nemo.,Comedy,2010,Lloyd,Craven,30,1.1,11,44
Dolores illum velit.,Sci-Fi,2002,Jackson,Cloney,73,1.5,11,42
Tenetur iusto voluptatum.,Drama,2011,Jenny,Fenighty,2,2.7,14,1
Maxime nisi blanditiis.,Sci-Fi,1994,Kristina,O'Hanrahan,79,2.1,2,49
Ab nam laudantium.,Thriller,2008,Taylor,Knight,62,2.9,14,78
Fugiat quia.,Action,2020,Zak,Loftus,34,4.2,7,21
Vitae facilis.,Action,2025,David,Cafferky,94,4.6,2,48
Magni impedit.,Romance,2023,Peadar,Nevin,6,3.8,7,28
Officia itaque repudiandae.,Horror,1995,Angus,Cranley,21,2.5,9,34
Esse quos magni.,Romance,2023,Gemma,Melody,85,4.8,8,19
Sapiente magnam.,Romance,1990,Keeva,Lysaght,3,3.2,2,9
Ad fugiat.,Romance,2016,Fionntan,Geary,14,2.3,4,74
Vero vero.,Thriller,1996,Caomhan,Mescall,26,3.1,2,85
Iste laudantium maxime.,Comedy,1990,Shanna,MacMahon,66,3.8,14,80
Dolor explicabo.,Horror,2018,Dayna,Redmond,18,4.5,5,18
Ullam aliquam vel.,Sci-Fi,2026,Caroline,Woods,25,4.8,2,81
Veniam enim.,Drama,2012,Toni,McGinty,77,3.7,13,74
Aut repellendus.,Romance,1990,Piaras,Enright,84,4.1,13,58
Tempora minima laborum.,Action,2020,Cliona,Honan,39,1.1,11,24
Facere dolore.,Sci-Fi,1993,Finn,Keown,29,3.4,5,20
Maiores laboriosam eligendi.,Action,2010,Tiarna,O'Carolan,51,2.1,5,91
Unde itaque.,Action,2014,Haley,Wilkins,8,4.2,5,98
Dicta provident aut aspernatur.,Drama,2025,Johnathan,Frances,57,3.5,9,16
Reprehenderit temporibus.,Action,2010,Jodie,Allis,40,2.0,4,58
Placeat sequi dolores.,Sci-Fi,2024,Feargal,Goodwin,57,4.9,6,49
Cum quasi voluptatibus.,Horror,2013,Andrew,Rattigan,94,4.6,15,55
Voluptas voluptatum quidem.,Action,1995,Aisling,McAteer,36,2.4,13,79
Explicabo laboriosam nam.,Horror,2018,Dara,Gallogly,37,1.8,1,90
Et expedita.,Horror,1993,Tanya,McCabe,52,1.4,2,61
Commodi.,Action,2026,Raymond,MacAleavy,91,3.2,7,39
Nesciunt accusantium architecto minus.,Horror,1991,Meabh,Cogley,95,3.8,15,48
Numquam amet.,Drama,2012,Janice,Reynoldson,33,4.3,3,87
Dolorum recusandae enim.,Sci-Fi,1997,Danny,Doyle,52,3.9,14,5
Quibusdam expedita quibusdam.,Sci-Fi,1992,Tiffany,Finn,21,3.2,11,78
Vitae.,Horror,2020,Aimee,Hayden,5,2.3,7,69
Eveniet ipsa molestias.,Romance,2019,Sarah,Neelan,90,3.9,8,100
Cum quia earum.,Sci-Fi,2001,Tobias,Hartnett,14,4.9,6,86
Magni odio.,Action,2021,Glenn,Kinnon,16,3.4,12,3
Tenetur est.,Comedy,2002,Nadine,Ellis,27,1.2,15,66
Perferendis quidem.,Romance,2007,Cassandra,Linskey,19,3.6,11,23
Veniam nihil dolor.,Thriller,2020,Ursula,Keaney,8,1.7,11,11
Voluptate accusamus.,Action,2013,Laoise,Rowley,45,4.7,7,22
Animi nostrum officiis.,Thriller,2006,Eileen,Gilgunn,17,3.7,11,69
A aperiam praesentium.,Comedy,2006,Seanna,Hickey,81,3.1,15,50
Accusantium nemo.,Horror,2010,Alicia,McDonald,78,4.7,9,18
Nisi molestiae.,Horror,2020,Owen,Parsons,29,3.8,12,96
Vel reprehenderit hic.,Horror,2011,Gabrielle,McKiernan,38,4.6,14,60
Quasi eligendi incidunt.,Thriller,1998,Amy-Lee,Scallan,88,3.7,4,6
Laudantium enim incidunt.,Sci-Fi,1992,Bronach,Cullinan,19,3.6,4,39
Ut ullam alias.,Horror,1995,Sinead,Mulhare,45,2.6,11,97
Maxime nesciunt.,Action,2025,Dearbhail,Myles,88,4.8,12,68
Eligendi pariatur.,Romance,1990,Fergal,Cally,52,1.1,5,91
Vero.,Horror,2015,Albert,Mulvey,99,2.8,8,94
Incidunt culpa voluptates.,Horror,2020,Keely,Kierans,79,4.2,11,96
Provident quaerat.,Thriller,2018,Katharine,Torpey,13,3.5,5,3
Veritatis ipsam.,Romance,2023,Grant,Connelly,91,1.5,7,21
Atque porro.,Action,2020,Rhianna,Beirne,12,2.3,5,45
Animi eligendi voluptatum.,Horror,2022,Blake,Diggin,56,4.3,4,85
Quisquam fugiat.,Comedy,1993,Conrad,Dunning,10,2.2,11,43
Eum quos praesentium.,Drama,2013,Finbar,Deehan,99,2.2,7,41
Sint officiis illum cumque.,Drama,2005,Daire,Sigerson,30,3.2,6,82
Molestiae nam occaecati.,Comedy,2026,Kara,Rodden,89,3.8,1,64
Temporibus reiciendis.,Drama,2001,Billie-Jo,Halloran,92,3.6,6,24
Nam reprehenderit molestias.,Action,2011,Clare,Doolan,41,3.3,14,62
Quod itaque.,Drama,1990,Hayleigh,Skelly,83,4.4,10,89
Soluta dignissimos.,Romance,2013,Ben,Cuddihy,32,4.9,3,45
Aperiam ullam porro totam.,Thriller,2008,Stacey,Kenlan,77,1.3,2,6
Eum nesciunt aliquid.,Action,1997,Kane,Mahon,91,2.0,15,45
Debitis pariatur blanditiis.,Comedy,1999,Simone,Leddon,15,3.4,6,64
Voluptatibus cupiditate quasi.,Romance,2022,Paige,O'Rahilly,98,4.9,8,46
Repellendus molestiae.,Comedy,1995,Chris,McMurrough,13,4.1,4,92
Facilis id consequuntur.,Sci-Fi,2001,Donna,Woolley,85,1.4,13,33
Vitae officia.,Action,2003,Phillip,Kinnane,4,1.7,8,5
Fuga.,Thriller,1994,Samuel,Haren,58,4.3,10,97
Ut labore repudiandae reprehenderit.,Comedy,2025,Abby,Maloney,56,2.1,2,72
Esse fugit.,Drama,2002,Garrett,MacCormack,74,3.7,10,49
Omnis debitis.,Action,1998,Max,Fitzpatrick,50,2.5,4,70
Voluptates numquam minus repudiandae.,Action,1993,Rosemary,Murnin,32,2.7,15,45
Voluptates possimus.,Sci-Fi,2013,Tyler,MacNally,58,2.4,3,55
Cumque hic laboriosam.,Sci-Fi,1992,Kelly-Marie,McKenny,87,2.9,15,79
Optio ab.,Sci-Fi,1995,Clarissa,Hallinan,48,1.5,15,88
Vitae aspernatur.,Sci-Fi,1997,Anton,McInnes,84,4.8,7,64
Molestias omnis sapiente at.,Romance,2001,Daire,Cashen,81,3.8,8,95
Minus error.,Sci-Fi,2000,Victoria,Ormsby,59,3.1,1,71
Reprehenderit rerum sequi.,Action,2010,Hayley,Leyden,29,2.5,2,47
Eveniet illum.,Horror,2023,Conn,Kneafsey,4,1.7,6,27
Similique.,Sci-Fi,2022,Naoise,Golding,70,1.1,4,38
Beatae.,Action,2001,Alicia,Cribbons,33,1.7,13,57
Necessitatibus quasi.,Sci-Fi,2020,Kelsey,Dwyer,11,4.8,4,84
Accusamus architecto nisi.,Sci-Fi,2013,Iona,Gibney,33,5.0,8,83
Ullam numquam aperiam.,Drama,2002,Cathal,O'Shannon,8,2.0,3,42
Consequuntur libero.,Thriller,2004,Ellen,Flanagan,88,3.8,6,37
Illo autem in.,Horror,1995,Clarissa,McConaghey,77,1.0,7,67
Distinctio dignissimos.,Thriller,2016,Chelsey,Barneville,88,1.2,6,36
Esse dolores.,Comedy,2015,Aedan,Coogan,29,2.6,2,7
Consequuntur.,Horror,2025,Eunan,Comber,90,1.9,7,96
Ad maxime laboriosam.,Comedy,2007,Caoimhin,Bridge,93,4.4,14,89
Minus harum.,Comedy,2015,Simon,Henry,47,3.5,15,88
In quis blanditiis.,Romance,2014,Casey,Quinn,43,4.6,9,66
Voluptatem cum.,Drama,2022,Ian,McAloon,2,4.1,9,52
Harum reiciendis suscipit.,Horror,2001,Amie,Malowney,43,3.8,12,56
Qui quas placeat quis.,Thriller,1994,Eilish,McDaeid,40,3.6,11,22
Quasi in.,Comedy,1995,Conan,Joyce,36,3.4,10,53
Sequi ipsa.,Horror,1992,Alan,O'Goldrick,18,4.5,15,49
Alias velit.,Drama,2016,Robbie,Fallon,77,2.1,14,3
Aliquid provident.,Comedy,2012,Brandon,Steward,47,4.0,13,48
Quasi.,Action,1990,Blaine,Meany,86,3.0,8,98
Quasi provident ratione.,Action,1994,Geraldine,Ginevan,19,1.1,3,95
At reiciendis minus.,Romance,2009,Phillip,Wright,70,3.1,7,8
Quibusdam ipsa.,Horror,2002,Stacey,Goulden,63,5.0,12,92
Laboriosam mollitia impedit.,Thriller,2008,Eadaoin,Roache,59,1.9,1,73
Repellat itaque harum.,Comedy,1992,Tonicha,Ashman,100,2.5,4,45
Eos facilis dolorum.,Sci-Fi,2003,Alan,Kilcoyne,86,3.4,3,30
In quidem possimus.,Sci-Fi,2023,Erica,Glynn,26,1.4,13,9
Necessitatibus inventore cumque.,Action,2000,Heidi,Dulohery,93,4.9,9,19
Modi illum.,Thriller,2001,Siofra,Kerwick,4,1.3,10,82
Voluptatibus dolorem.,Romance,2004,Alice,McElgunn,46,1.7,11,77
Nisi rem ducimus.,Action,2000,Nichola,Ginty,98,4.1,15,35
Esse totam.,Sci-Fi,2026,Neil,Morrissey,66,3.0,4,23
Voluptatem aperiam nulla.,Romance,2003,Sian,Brown,98,2.7,9,12
Nisi ducimus maxime.,Sci-Fi,2009,Dionne,Prial,26,2.0,3,37
Voluptatibus voluptatibus.,Sci-Fi,1990,Mollie,McCadam,89,1.2,5,22
Minus voluptatibus.,Sci-Fi,1992,Chantel,Heney,26,4.6,10,58
Dignissimos sed.,Drama,2012,Zak,MacMorrow,19,4.6,9,68
Laborum id veniam doloremque.,Thriller,2014,Gerald,McLeigh,31,2.9,8,65
Dolorem repudiandae.,Thriller,2020,Tiernan,O'Higgins,55,4.4,12,61
Maiores facilis.,Romance,1993,Jane,Dermody,15,2.0,12,98
Voluptatem nemo.,Romance,1999,Bronagh,Paten,14,3.9,15,22
Necessitatibus deserunt corporis.,Sci-Fi,1994,Cassie,MacVeagh,61,1.1,15,28
Illum molestiae voluptate.,Horror,2013,Mark,Daiken,34,1.4,2,73
Officia quod.,Thriller,1991,Morgan,Donnellan,22,1.6,11,98
Provident rerum.,Drama,1991,Sheree,Cauley,70,2.5,3,10
Ea ipsum.,Romance,2016,Nicholas,Heslin,97,1.0,9,24
Optio nam.,Horror,1991,Taylor,Farell,49,1.3,3,40
Fugit enim consequatur corrupti.,Thriller,1994,Kealan,McGuill,51,3.2,12,78
Omnis adipisci.,Thriller,2007,Kaitlyn,Keenan,36,3.6,8,85
Molestiae molestias.,Drama,2005,Beth,McAlister,32,4.2,2,41
Eveniet autem doloremque.,Action,1994,Simon,Heenan,35,3.0,8,19
Eveniet corrupti.,Sci-Fi,2014,Brendan,Davitt,43,1.3,9,19
Accusamus iusto.,Thriller,1997,Alexandra,Nagle,100,3.6,8,34
Dolorem facere animi dolores.,Thriller,2025,Alister,McGroarty,3,4.7,6,98
Accusamus pariatur ea.,Drama,2005,Caragh,Laffey,13,3.2,5,75
Sapiente labore optio.,Romance,2023,Niamh,Norton,47,4.6,13,56
Ullam nihil.,Sci-Fi,1994,Wayne,Smullen,90,3.7,12,70
Deserunt quibusdam magni molestiae.,Romance,2014,Arianne,Rooney,62,3.6,2,83
Quibusdam culpa.,Action,2014,Seanan,Iago,70,1.8,6,31
Voluptates hic.,Thriller,2019,Francesca,McLoone,30,1.9,1,6
Consequuntur quos.,Sci-Fi,2024,Isaac,Lordan,43,4.9,7,80
Eaque ad.,Action,2003,Aoibhin,McColgan,72,1.5,1,47
Possimus commodi rerum.,Romance,2007,Maeve,Corley,42,2.8,9,100
Illo eveniet ipsam.,Romance,2026,Conan,O'Nolan,49,4.6,13,32
Eveniet odit.,Thriller,2007,Georgina,Glavin,35,1.2,6,87
Vitae autem molestias.,Horror,2021,Joanne,Kilbride,36,1.8,11,8
Amet rerum amet.,Thriller,2000,Laura,Power,16,3.5,11,5
Recusandae occaecati libero pariatur.,Drama,1995,Laurie,Kingston,60,3.9,8,65
Molestias perferendis.,Thriller,2000,Che,Lahy,24,1.1,15,95
Sed dolorem iure.,Horror,2018,Patricia,Gilhooly,68,1.2,10,12
Itaque quae.,Comedy,2014,Pearce,Moffit,96,3.7,8,89
Optio possimus ex.,Drama,2017,Jenni,Scanlon,46,4.1,1,51
Voluptatum sit.,Sci-Fi,2002,Jana,Kilfoyle,72,2.6,8,77
Illo.,Romance,1999,Holly,Lahey,48,3.0,8,45
Pariatur asperiores cupiditate.,Romance,2006,Molly,Maddock,18,3.0,2,27
Accusamus a.,Sci-Fi,2005,Jacqueline,McEntaggart,77,2.6,2,29
Minima necessitatibus.,Horror,2019,Jonathan,Boyle,10,4.7,15,20
Quos.,Sci-Fi,1999,Harry,Carolan,96,3.4,13,62
Esse dolorum quaerat.,Horror,2018,Caolain,McLeer,78,1.8,12,95
Reprehenderit accusantium.,Horror,2011,Gemma,Lester,92,2.7,1,100
Velit libero enim delectus.,Romance,1993,Dean,Hollywood,60,4.3,12,95
Incidunt libero molestiae.,Action,2002,Alana,Keohane,73,2.8,10,27
Dolorum necessitatibus.,Romance,2016,Colm,Eivers,80,3.1,6,22
Maxime ut laborum.,Action,2010,Cailin,Carmody,68,3.2,4,1
Laudantium quos nisi.,Comedy,2005,Stefan,Colleneler,48,4.4,6,89
Facilis nesciunt modi.,Comedy,2002,Tamara,Hastey,62,2.8,9,6
Aliquid quae.,Comedy,2014,Tory,Goff,42,4.5,13,84
Soluta.,Romance,2005,Janine,Toner,38,2.6,8,17
Enim nam alias illum.,Thriller,2023,Daniel,Curtis,38,4.6,5,22
Inventore eius earum.,Thriller,2011,Rosemary,Stapleton,84,2.7,5,18
Nobis placeat est.,Comedy,1997,Max,Jones,81,4.6,10,27
Placeat aliquid amet.,Sci-Fi,2025,Bryan,O'Hickey,30,1.9,3,20
Aspernatur eos.,Action,2021,Nadine,Flahive,1,4.0,3,39
Impedit non omnis.,Drama,2005,Kristopher,McGettrick,53,2.3,8,76
Iusto eveniet inventore.,Sci-Fi,2009,Joanne,Deeny,13,2.6,6,44
Eaque iure alias.,Sci-Fi,2005,Lesley,Roarke,81,3.9,10,23
Laudantium soluta.,Comedy,2018,Demi-Leigh,Atchison,21,3.0,15,93
Officia corrupti quo.,Sci-Fi,2006,Clarissa,Salmon,61,2.2,14,15
Adipisci error.,Drama,2022,Kaitlin,Beasty,98,3.0,7,93
Itaque excepturi.,Action,1990,Mairtin,Robeson,34,1.3,1,19
Quas.,Comedy,2004,Leo,Lyne,49,4.7,3,74
Repellendus.,Thriller,2003,Adam,Corkery,35,3.4,3,46
Ullam ratione.,Comedy,2026,Aidan,Barnes,82,4.6,10,1
Sapiente eaque neque.,Romance,1995,Eve,Marley,55,4.2,10,89
Corrupti laborum.,Action,2009,Morgan,MacCole,61,1.5,15,51
Quasi ullam.,Action,2020,Simon,Gavigan,68,2.8,15,59
Veniam.,Sci-Fi,2018,Emma,Mannix,97,4.8,1,66
Eum labore culpa.,Thriller,2008,Bryan,Tolin,44,3.5,14,36
Quasi corrupti.,Sci-Fi,2017,Tessa,Farry,59,2.6,2,59
Nulla odio.,Sci-Fi,2020,Keri,MacConnaghy,79,1.6,1,60
Repellendus et.,Sci-Fi,1995,Niamh,Rogers,43,4.5,12,59
Eum at vel.,Drama,2004,Dana,MacCaffrey,98,2.6,13,52
Itaque mollitia.,Drama,1999,Lindsay,Deacy,87,2.7,12,6
Sequi nisi iusto.,Comedy,2006,Naomh,Blake,32,1.0,1,17
Consequuntur fugiat.,Thriller,2022,Orlagh,Keeley,7,2.1,4,43
Sit aspernatur quod.,Thriller,2026,Johanna,Garety,6,4.8,10,4
Dolor eos sequi aperiam.,Sci-Fi,2020,Amie,Fox,93,2.7,1,54
Veritatis vitae.,Comedy,2014,Dennis,MacAnally,17,2.8,2,73
Natus.,Action,1992,Joshua,O'Boyle,81,2.9,5,67
Quia rerum.,Drama,2012,Cathy,Guinan,67,3.9,15,1
Aperiam optio.,Romance,2021,Andrea,Keally,75,2.8,1,94
Inventore voluptate.,Comedy,1994,Dennis,McGourty,60,1.1,1,72
In corporis.,Comedy,2006,Margaret,Harahoe,22,2.2,7,51
Laudantium molestiae odit.,Drama,1992,Timothy,MacCann,16,4.5,10,8
Inventore nulla.,Action,1993,Alistair,McComiskey,44,2.5,12,69
Non iste.,Thriller,2014,Charlie,Moroney,94,2.3,10,2
Ut eaque.,Comedy,2005,Lorna,MacEver,62,3.6,3,76
Non tempora.,Romance,2000,Michaela,MacEgan,1,1.9,1,8
Tempora voluptatibus.,Thriller,2018,Joy,Donohue,96,4.3,7,37
Animi alias earum.,Drama,2013,Cassandra,Connell,32,1.1,11,1
Repellat voluptatum aliquam.,Horror,2019,Alastair,Gilsenan,44,1.5,10,61
Aspernatur et doloremque.,Horror,2014,Daryl,Brosnan,78,3.4,7,75
Sapiente odio.,Romance,1994,Lynsey,Milroy,72,3.8,11,65
Officia ratione.,Drama,2006,Charlene,Harkin,37,4.9,7,68
Animi iure.,Thriller,2000,Kelvin,McGillicuddy,47,2.5,9,71
Ducimus molestias ut.,Sci-Fi,1997,Alison,Rogerson,80,3.3,15,86
At consectetur cumque fuga.,Action,2019,Tori,MacGinnitty,14,2.5,9,49
Eius suscipit.,Thriller,2008,Callan,Dillon,17,4.2,2,31
Sapiente suscipit.,Romance,2016,Rhianne,Kinlan,42,2.7,10,3
Architecto minima aliquam.,Comedy,2011,Aedan,Perkins,44,3.1,4,68
Maxime ratione.,Action,1997,Emma-Louise,Comer,27,3.5,13,30
Amet totam.,Drama,1998,Nikita,Callan,2,4.1,3,9
Quam eaque dolor.,Romance,2004,Charis,McCarthy,78,4.5,1,61
Officiis nobis.,Action,2016,Nichola,Quin,32,1.2,15,98
Eius labore.,Action,2023,Phoebe,Keoghan,32,2.9,7,28
Assumenda rerum accusantium.,Comedy,2014,Ellen,Lynch,28,4.7,13,91
Perspiciatis dolor.,Romance,2025,Claire,McCaffry,26,3.9,14,1
Aliquam vero quidem.,Romance,1997,Lucinda,Kinny,33,4.7,3,3
Mollitia nisi suscipit.,Comedy,2011,Wayne,MacNabb,79,1.2,4,88
Soluta.,Sci-Fi,1991,Bronagh,Moore,80,2.4,1,72
Maxime aperiam quaerat.,Comedy,1990,Collette,Bernard,100,3.4,7,3
Cumque minima dolore.,Romance,1990,Janice,Burke,11,3.0,13,57
Velit dolorem esse.,Drama,2015,Steven,Lyng,39,4.9,7,4
Nostrum eum.,Action,1996,Sorcha,Meskill,98,2.9,11,64
Sint voluptatum.,Drama,2008,Abby,Guiry,27,1.5,3,56
Nihil id sunt.,Action,2022,Erica,Little,26,1.1,2,85
Cum facere sed expedita.,Horror,2014,Graeme,McCaughan,90,2.8,15,25
Numquam deserunt.,Thriller,1995,Kayleigh,Marry,94,2.2,4,35
A doloremque.,Horror,2000,Deane,Hallahan,52,3.7,5,52
Tempora quo autem.,Thriller,2004,Rachael,Donaldson,93,3.6,10,38
Corporis quibusdam.,Sci-Fi,2017,Tony,Crossan,42,4.4,7,63
Pariatur saepe distinctio.,Horror,2003,Julie,Foy,47,1.9,8,96
Veniam quia nam.,Horror,2018,Amber,Wynne,61,2.4,15,29
Repellat.,Horror,2005,Chloe,Caffrey,16,3.0,8,19
Aliquid quos excepturi.,Sci-Fi,2010,Oliver,McIlwee,36,1.7,12,46
Soluta vitae.,Romance,2000,Caitriona,Ansboro,17,4.4,13,89
Provident error.,Horror,2019,Ashling,Maguire,77,2.5,10,28
Quos odit saepe.,Sci-Fi,1999,Kelly-Anne,McClelland,15,1.8,3,88
Cum.,Action,2009,Mia,Bird,25,3.5,15,89
Earum.,Thriller,2019,Tanya,McPhilbin,65,2.5,12,48
Facilis fugiat dolore.,Comedy,2005,Jay,Cassin,77,3.7,6,26
Aspernatur cupiditate quod.,Romance,2024,Cahal,Muldoon,86,2.2,4,68
Harum vitae.,Sci-Fi,2009,Carmel,Lee,91,3.3,13,99
Cumque beatae inventore.,Thriller,2010,Darren,Grahams,7,4.2,6,99
At ea voluptas odit.,Romance,2021,Kane,Clenaghan,81,4.6,9,4
Expedita asperiores.,Comedy,2024,Paula,Winters,83,4.2,9,79
Dolorum illo nihil.,Romance,2016,Mollie,Tangney,5,1.5,12,91
Harum rerum ducimus.,Romance,2014,Holly,Dawson,95,1.4,2,33
Iure.,Horror,2008,Daire,McGuigan,94,4.3,2,12
Quibusdam harum maiores.,Comedy,2026,Lana,Lennon,19,3.3,8,35
Autem consectetur commodi.,Horror,2021,Eunan,Gorman,96,3.7,4,90
Optio ab dolorem architecto.,Drama,2001,Alanna,Spencer,10,4.2,11,45
Quasi fugiat.,Thriller,2010,Raymond,Deegan,48,2.2,11,29
Culpa culpa sit.,Drama,2009,Bradley,Somers,67,4.1,15,12
Suscipit sapiente placeat.,Comedy,2008,Roise,Quigney,67,3.5,4,32
Incidunt quisquam ut.,Drama,2000,Bernard,Milmo,18,2.8,7,16
Corporis architecto.,Action,2013,Sara,MacDevitt,44,4.2,7,16
Nostrum ratione laborum itaque.,Sci-Fi,1995,Manus,Curran,55,2.3,9,32
Exercitationem minus.,Romance,2020,Iain,Twohey,80,3.3,2,23
Commodi modi ullam fuga.,Horror,2006,Thomas,Gaffney,84,1.5,3,61
Iusto quo ex.,Horror,2014,Orlaith,Tooman,60,3.2,3,81
Eaque dolor perspiciatis.,Sci-Fi,2002,Don,Mullarkey,37,3.1,6,50
Quidem accusantium harum.,Comedy,2025,Tia,Slamon,71,3.3,14,70
Eius maiores accusantium quis.,Horror,2017,Brooke,McKenna,48,2.4,12,94
Asperiores dolores.,Drama,2000,Janet,McCann,17,4.7,2,49
Cum cumque.,Comedy,2008,Colin,Colreavy,30,2.3,11,54
Doloremque nostrum.,Sci-Fi,2014,Lorna,Shevlin,93,4.9,12,45
In consectetur.,Sci-Fi,2011,Marie,McPherson,1,2.7,10,55
Officiis omnis laudantium.,Horror,2008,Tiernan,Butler,59,2.3,2,40
Temporibus sapiente sequi.,Action,2023,Tyrone,Philbin,88,4.5,3,6
Incidunt modi.,Drama,2001,Courtney,Mernagh,70,2.0,8,46
Dolores harum ad.,Drama,2024,Martin,Tubridy,41,2.5,1,95
Natus.,Sci-Fi,2002,Darren,Heaphy,62,3.1,10,26
Ipsa quibusdam aliquam.,Drama,1999,Hamish,Swift,88,4.5,1,53
Totam.,Action,2009,Bernard,Miley,5,3.5,12,5
Nobis.,Romance,2001,Natalie,Culligan,64,2.5,6,91
Ullam dicta eum.,Comedy,1991,Saul,Woulfe,95,3.7,10,37
Quam laboriosam eius quaerat.,Horror,2020,Nora,McEvilly,23,3.5,11,76
Soluta numquam.,Sci-Fi,2009,Nichola,Killeen,67,4.6,2,49
Quam fugiat.,Horror,2001,Jordan,Fee,95,3.5,1,53
Natus possimus animi.,Drama,2025,Stephen,Hogan,11,2.2,6,22
Ab illo.,Romance,2005,Aiden,Gorham,2,1.9,12,30
Repellendus sequi dolor dignissimos.,Horror,2005,Cailum,Reilly,56,4.6,10,28
Odio.,Thriller,2008,Tyler,Hempenstall,66,4.3,9,63
Delectus quae.,Drama,2002,Amie,Taylor,48,2.0,13,89
Voluptatum molestiae.,Romance,2009,Tonicha,Breen,10,3.9,15,61
Ratione facere.,Thriller,2010,Grant,Downing,73,3.2,13,61
Animi alias.,Romance,2014,Rohan,McManus,30,5.0,4,4
Nobis.,Thriller,1993,Katie-Louise,Quillinan,2,4.4,1,3
Quam quia.,Thriller,2003,Beth,Rigney,6,1.0,3,32
Quibusdam.,Comedy,1995,Daire,O'Sheehan,75,2.8,14,90
Cum occaecati.,Sci-Fi,1992,Kerry,Ward,24,1.4,8,93
Alias molestiae facilis iure.,Drama,2026,Tanya,Gunning,80,3.2,14,42
Sequi illo ipsum.,Action,1992,Warren,Heaney,39,4.8,12,43
Eligendi dolorem.,Action,2009,Alex,Dwane,86,4.2,2,31
Voluptatum reprehenderit doloribus.,Horror,1995,Conan,Mullan,97,5.0,2,46
Nesciunt facilis quidem.,Sci-Fi,1997,Alanna,Silke,59,1.5,1,38
Illum quidem voluptates.,Sci-Fi,2016,Cherith,Broderick,83,4.7,15,7
Consequuntur nesciunt temporibus.,Comedy,2013,Haley,MacCool,29,2.8,11,28
Rerum alias.,Thriller,2007,Richard,Hession,64,4.7,13,43
Explicabo debitis ut.,Drama,2023,Chelsey,McGough,11,3.6,3,11
Nisi quae.,Comedy,2020,Rohan,Murae,49,1.4,10,45
Repudiandae natus.,Drama,2017,Jude,Tormey,12,3.3,1,9
Voluptas omnis.,Comedy,1991,Maura,Keary,28,4.9,10,8
Similique et.,Romance,2004,Lisa,Loghan,3,1.1,6,57
Commodi aspernatur.,Horror,2024,Eadaoin,Mahony,5,2.7,3,7
Quisquam nulla quisquam illum.,Romance,2014,Gordon,Fall,2,2.9,9,17
Minima molestias.,Drama,2002,Chelsea,Lunney,92,4.1,6,94
Corrupti.,Horror,2021,Erika,Fisher,13,4.0,8,59
Fuga accusamus.,Romance,2017,Lyndsay,O'Hurley,76,2.7,9,22
Quasi assumenda.,Action,2010,Marie-Claire,MacCarthy,56,2.8,5,3
Maiores inventore.,Drama,2001,Rian,O'Scannell,99,2.5,1,7
Possimus eum maiores neque.,Comedy,2022,Brendan,Beggan,54,1.9,7,89
Suscipit qui.,Action,2008,Meaghan,Murnane,100,1.5,3,10
Odio possimus.,Comedy,2004,Katelyn,Walls,69,1.5,1,87
Magni sapiente officia.,Romance,1994,Leon,McElduff,22,4.8,11,58
Non placeat in.,Horror,1990,Kurt,McGloin,92,4.6,11,49
Voluptates quasi.,Sci-Fi,1999,Shania,Dooey,78,1.9,5,99
Impedit occaecati id.,Action,2017,Susan,Pringle,83,2.1,5,2
Soluta dicta.,Thriller,1994,Ashton,Clarke,21,4.8,4,37
Cupiditate deserunt dignissimos.,Sci-Fi,2019,Haley,MacGuinness,92,3.7,2,65
Nisi tempore totam.,Thriller,2010,Eric,O'Kearney,5,3.8,5,17
Nobis animi totam.,Action,2023,Victoria,Connellan,40,1.3,10,27
Excepturi in asperiores vero.,Thriller,2024,Elliot,Keery,41,3.4,2,97
Id voluptatem.,Action,2023,Aoibhin,McGuinness,51,3.4,1,84
Consectetur incidunt.,Horror,2004,Kirby,McVicker,61,1.4,6,40
Error ea reprehenderit.,Drama,2002,Eric,Duignan,34,3.2,1,58
Adipisci voluptatibus porro.,Horror,1990,Miriam,McNill,63,3.6,11,87
Voluptate quam cupiditate harum.,Romance,1996,Katharine,McCollam,10,2.8,9,58
Nam vero minus.,Thriller,1996,Caragh,Hodnett,19,1.9,2,92
Ullam voluptate.,Drama,1998,Caitlin,Ford,89,1.9,14,78
Quo quibusdam optio quia.,Drama,1990,Erica,Coakley,51,3.3,7,83
Quibusdam similique veritatis occaecati.,Sci-Fi,2015,Bailey,Kidney,46,1.3,8,27
Error repellendus dolorum.,Drama,2021,Eoin,Doody,82,2.0,7,83
Ex quae corporis.,Sci-Fi,2025,Ronan,Duff,12,1.2,11,19
Nemo asperiores quae.,Thriller,1994,Diarmuid,Kennellan,46,2.8,2,62
Minus necessitatibus.,Action,2026,Samuel,Meenaghan,21,1.7,15,44
Iure accusamus dignissimos.,Action,2004,Rose,Loughlin,19,3.4,7,44
Molestias nesciunt.,Thriller,2025,Logan,Murphy,90,1.7,9,52
Aut dolor.,Thriller,2001,Meibh,Lalor,34,2.6,13,24
Temporibus minima amet.,Romance,1999,Brian,Fannin,47,4.0,2,95
Neque ipsum quas.,Horror,1990,Ian,Muldowney,55,1.7,12,46
Delectus qui.,Romance,2009,Rachelle,Macken,86,1.1,6,93
Corrupti amet.,Action,2000,Jayne,Agnew,93,3.4,3,5
Rem repudiandae.,Sci-Fi,1996,Seanna,Arthurs,69,3.8,5,43
Laboriosam blanditiis soluta.,Romance,1994,Rohan,McNee,29,1.1,15,49
Nihil fuga optio magnam.,Comedy,2007,Deirbhile,Leahy,72,2.4,12,25
Commodi.,Horror,2021,Glen,Grogan,85,1.2,14,52
Dolor officia.,Comedy,2009,Lloyd,O'Hanlon,42,2.1,13,68
Id nostrum.,Horror,2011,Damian,Spillane,84,2.9,12,68
Vitae voluptates.,Drama,2006,Sophie,MacAllen,66,2.3,7,96
Ab nihil doloremque.,Horror,2013,Josephine,Simmon,7,2.3,3,71
Hic.,Sci-Fi,1991,Bryony,Bonner,53,3.2,15,72
Quidem veritatis voluptates.,Drama,2012,Stacey,Gilroy,25,2.8,2,32
Voluptatum non rem.,Drama,2008,Rose,MacGovern,25,1.4,10,9
Repudiandae libero aspernatur.,Romance,1990,Ruairi,Danaher,11,1.7,6,21
Non aspernatur earum.,Romance,1991,Michelle,Rourke,43,3.0,2,66
Rem quisquam.,Sci-Fi,2017,John,MacDowell,46,3.4,14,12
Asperiores non repellendus.,Action,2004,Olivia,Cowan,11,2.5,4,64
Accusamus ducimus.,Thriller,2009,Aislinn,Crowe,37,1.4,2,73
Rerum placeat natus.,Thriller,2003,Aisling,Hynes,64,1.9,3,30
Quia.,Comedy,2024,Chris,Ronan,24,3.7,5,33
Nam saepe iusto.,Horror,1990,Alanis,O'Loughlinn,38,4.3,8,83
Deserunt reiciendis totam.,Romance,2015,Zak,Roach,5,2.0,2,55
Itaque quos.,Comedy,2005,Dairine,Harrington,75,1.8,1,67
Amet mollitia molestias.,Thriller,2022,Eilish,McKinley,93,1.8,9,86
Est soluta magnam eaque.,Comedy,2003,Cherie,Synnott,56,2.1,10,65
Officia fugit inventore.,Action,2015,Isaac,McColl,21,1.5,11,31
Magnam atque atque.,Action,2008,Gerard,McMaster,18,2.2,11,63
Molestiae dolore qui praesentium.,Comedy,2006,Reece,Macauley,60,4.2,3,40
Praesentium saepe.,Action,1990,Iain,Reidy,9,5.0,3,72
Nostrum aut.,Comedy,1990,Ashleigh,Riney,7,4.6,12,23
Ipsa consequatur.,Action,2013,Eleanor,Grey,7,1.1,14,99
Iure reiciendis optio omnis.,Drama,2011,Eva,Mountain,26,4.4,13,62
Dolore totam quis.,Romance,2019,Russell,Tracy,7,2.7,2,49
Et nemo tenetur iste.,Horror,2014,Sian,Morrin,70,4.9,14,68
Eveniet cupiditate.,Sci-Fi,1995,Padraigin,McDaid,77,4.7,13,19
Debitis recusandae.,Horror,2001,Barry,Falvey,84,4.2,6,17
Nihil quisquam facere.,Thriller,2024,Mitchell,Diskin,38,1.4,10,92
Iste labore.,Romance,2025,Gerald,Millar,5,4.0,7,78
Minima id.,Thriller,2018,Jayde,Cronelly,75,4.7,3,87
Id libero.,Sci-Fi,2014,Erin,Doohan,89,3.8,2,39
Fugiat et voluptatem.,Drama,1998,Orlaigh,Hearne,33,2.9,2,74
Debitis praesentium.,Horror,1994,Harriet,Liston,35,2.5,1,67
Laborum voluptatem.,Horror,2018,Zach,Dungan,99,3.9,6,95
Animi quisquam.,Drama,2002,Connor,Longan,65,4.2,10,30
Consequatur hic asperiores hic.,Comedy,1994,Peter,Dowd,44,2.7,8,32
Rem voluptatem.,Thriller,2020,Diane,Fresh,10,2.2,13,41
Dignissimos ipsum impedit.,Action,2019,Clodagh,Herity,13,4.0,6,57
Vero.,Comedy,1995,Jason,Wall,97,2.5,11,9
Vel harum.,Romance,2006,Julie-Anne,McGilly,22,4.1,15,77
Repudiandae facilis.,Sci-Fi,2006,Susanna,Elliott,58,2.1,7,44
Cupiditate modi.,Comedy,1994,Jamie-Lee,Freil,61,2.1,1,90
Beatae deserunt.,Drama,1990,Gary,Toomey,57,2.7,13,28
Ex maiores provident.,Horror,2020,Sarah,Scollan,54,3.7,1,1
Aliquid reiciendis sed et.,Drama,2014,Ruari,Drummond,26,2.6,4,20
Optio cum dolorem.,Drama,2000,Rose,Baldwin,78,2.8,14,43
Nulla laborum.,Sci-Fi,1995,Kirby,Filbin,90,2.4,1,57
Sapiente necessitatibus quibusdam occaecati.,Action,1994,Angela,O'Dwyer,2,4.8,5,49
Est molestiae eos.,Romance,1999,Lewis,Gray,26,3.6,1,83
Aliquam cumque.,Sci-Fi,2007,Harry,Mullen,81,2.5,9,42
Reprehenderit magnam fugiat.,Action,2013,Jemma,McReady,23,2.4,3,70
Nostrum dicta.,Sci-Fi,2026,Feargal,McCausland,4,2.0,12,2
Occaecati repellendus.,Sci-Fi,2010,Meaghan,Kyne,49,3.5,9,24
Occaecati hic asperiores.,Drama,2017,Johanna,Angus,45,1.4,1,59
Unde facere ad eaque.,Romance,2014,Tory,Bale,8,4.8,11,64
Unde dolorum.,Sci-Fi,2017,April,Vaughan,82,1.2,6,51
Voluptate occaecati autem eius.,Comedy,1992,Angus,Lavell,40,2.8,14,38
Quibusdam sint rem.,Horror,2017,Maura,McAdams,43,3.9,9,3
Numquam similique.,Thriller,2016,Shannan,Matthews,47,2.9,3,57
Harum neque cupiditate.,Action,2005,Annalise,Hewson,1,1.5,8,38
Occaecati sunt officiis officia.,Romance,2010,Nigel,Maye,93,4.7,13,42
Deserunt ipsam.,Thriller,2013,Grainne,Hannon,45,1.9,13,85
Tenetur commodi voluptatibus.,Horror,1992,Rowan,Mee,18,2.5,11,96
Fuga perferendis vero.,Sci-Fi,1991,Zara,Kerville,89,4.1,13,23
Omnis mollitia.,Horror,1997,Rian,McLaverty,77,1.1,13,10
At illo.,Comedy,1992,Alexandria,Connole,74,2.1,8,44
Quibusdam repellendus.,Horror,2000,Saoirse,MacKevitt,59,1.9,1,40
Quibusdam repellendus doloremque inventore.,Action,2010,Corey,Clogherty,84,5.0,4,94
Cum assumenda.,Romance,2021,Aoibheann,Diver,8,1.0,7,29
Harum corporis temporibus.,Comedy,2017,Leo,McGilroy,64,4.7,3,49
A voluptate.,Thriller,1992,Ben,McCusker,88,2.5,1,80
Amet nesciunt at labore.,Sci-Fi,2019,Jodie,Mackesey,84,4.9,13,61
Quis eligendi.,Action,1997,Lisa,Gargan,63,2.5,3,31
Excepturi harum.,Drama,2016,Alexandria,Courtenay,20,4.2,6,19
Earum.,Action,2018,Colm,Derrig,14,3.2,15,88
Accusantium adipisci vero.,Sci-Fi,2005,Julia,Queally,49,3.7,11,20
Totam modi.,Drama,2008,Hayley,Mulcahy,61,3.3,1,28
Officiis repellat.,Horror,1998,Rory,Horan,53,1.9,15,76
Quisquam iusto est.,Action,2014,Daire,Golden,74,2.0,7,93
Possimus quod reiciendis.,Sci-Fi,2022,Ashley,Rock,66,3.9,8,72
Suscipit eligendi.,Drama,2005,Rhiannon,Greaney,63,1.3,15,70
Non.,Horror,2001,Esther,Harry,15,1.8,6,40
Ea blanditiis nulla porro.,Thriller,2025,Kerry,O'Hagan,39,2.8,13,76
Totam.,Comedy,2010,Kirsten,Gorey,50,4.8,13,84
Distinctio quidem.,Sci-Fi,2010,Jamie-Leigh,Fenlon,67,2.3,8,22
Nulla consequuntur quibusdam.,Thriller,1990,Finbar,Farrissy,83,2.2,8,31
Maxime perferendis praesentium.,Horror,2013,Sophie-Louise,Shanley,80,1.5,5,89
Id molestiae fugit.,Sci-Fi,2009,Janine,McFadden,35,4.7,13,73
Non illo.,Drama,2013,Patricia,Barron,32,3.2,1,58
Dolore veritatis illum in.,Sci-Fi,1998,Domhnall,Holden,22,2.9,15,38
Neque id ea.,Thriller,2021,Aiden,Cumisky,5,4.3,5,100
A.,Horror,2004,Louise,Corbett,85,1.8,13,41
Atque expedita iure.,Action,2018,Alexandra,Goldrick,6,4.7,1,14
